TF0000841	ENSMUST00000043819	SIX3_MOUSE	GS0014252	ENSMUSG00000022997	15	98620288	98624268	Mus musculus	TFe	12569128	ELECTROPHORETIC MOBILITY SHIFT ASSAY (EMSA)::GEL SHIFT COMPETITION  
TF0000841	ENSMUST00000043819	SIX3_MOUSE	GS0014252	ENSMUSG00000022997	15	98620288	98624268	Mus musculus	TFe	12569128	ELECTROPHORETIC MOBILITY SHIFT ASSAY (EMSA)::GEL SHIFT COMPETITION  
TF0000841	ENSMUST00000043819	SIX3_MOUSE	GS0014252	ENSMUSG00000022997	15	98620288	98624268	Mus musculus	TFe	12569128	ELECTROPHORETIC MOBILITY SHIFT ASSAY (EMSA)::SUPERSHIFT 
TF0000841	ENSMUST00000043819	SIX3_MOUSE	GS0014253	ENSG00000164690	7	155592680	155604967	Homo sapiens	TFe	18836447	ELECTROPHORETIC MOBILITY SHIFT ASSAY (EMSA)::SUPERSHIFT 
TF0000841	ENSMUST00000043819	SIX3_MOUSE	GS0014252	ENSMUSG00000022997	15	98620288	98624268	Mus musculus	TFe	18836447	ELECTROPHORETIC MOBILITY SHIFT ASSAY (EMSA)::SUPERSHIFT 
TF0000841	ENSMUST00000043819	SIX3_MOUSE	GS0014254	ENSMUSG00000002633	5	28783355	28793641	Mus musculus	TFe	18836447	PROTEIN BINDING ASSAY::CHROMATIN IMMUNOPRECIPITATION (CHIP)
TF0000841	ENSMUST00000043819	SIX3_MOUSE	GS0014255	ENSMUSG00000027168	2	105509053	105538567	Mus musculus	TFe	18836447	PROTEIN BINDING ASSAY::CHROMATIN IMMUNOPRECIPITATION (CHIP)
TF0000841	ENSMUST00000043819	SIX3_MOUSE	GS0014255	ENSMUSG00000027168	2	105509053	105538567	Mus musculus	TFe	17066077	ELECTROPHORETIC MOBILITY SHIFT ASSAY (EMSA)::SUPERSHIFT 
TF0000841	ENSMUST00000043819	SIX3_MOUSE	GS0014255	ENSMUSG00000027168	2	105509053	105538567	Mus musculus	TFe	17066077	ELECTROPHORETIC MOBILITY SHIFT ASSAY (EMSA)::SUPERSHIFT 
TF0000841	ENSMUST00000043819	SIX3_MOUSE	GS0014054	ENSMUSG00000074637	3	34548927	34551383	Mus musculus	TFe	17066077	ELECTROPHORETIC MOBILITY SHIFT ASSAY (EMSA)::SUPERSHIFT 
TF0000841	ENSMUST00000043819	SIX3_MOUSE	GS0014054	ENSMUSG00000074637	3	34548927	34551383	Mus musculus	TFe	17066077	ELECTROPHORETIC MOBILITY SHIFT ASSAY (EMSA)::SUPERSHIFT 
TF0000841	ENSMUST00000043819	SIX3_MOUSE	GS0014255	ENSMUSG00000027168	2	105509053	105538567	Mus musculus	TFe	17066077	PROTEIN BINDING ASSAY::CHROMATIN IMMUNOPRECIPITATION (CHIP)
TF0000841	ENSMUST00000043819	SIX3_MOUSE	GS0014255	ENSMUSG00000027168	2	105509053	105538567	Mus musculus	TFe	17066077	PROTEIN BINDING ASSAY::CHROMATIN IMMUNOPRECIPITATION (CHIP)
TF0000841	ENSMUST00000043819	SIX3_MOUSE	GS0014054	ENSMUSG00000074637	3	34548927	34551383	Mus musculus	TFe	17066077	PROTEIN BINDING ASSAY::CHROMATIN IMMUNOPRECIPITATION (CHIP)
TF0000841	ENSMUST00000043819	SIX3_MOUSE	GS0014256	ENSMUSG00000030324	6	115881945	115888847	Mus musculus	TFe	17666527	ELECTROPHORETIC MOBILITY SHIFT ASSAY (EMSA)::GEL SHIFT COMPETITION  
TF0000841	ENSMUST00000043819	SIX3_MOUSE	GS0014251	ENSMUSG00000038805	17	86012948	86031153	Mus musculus	TFe	17666527	PROTEIN BINDING ASSAY::CHROMATIN IMMUNOPRECIPITATION (CHIP)
TF0000841	ENSMUST00000043819	SIX3_MOUSE	GS0014252	ENSMUSG00000022997	15	98620288	98624268	Mus musculus	TFe	12569128	PROTEIN BINDING ASSAY::CHROMATIN IMMUNOPRECIPITATION (CHIP)
TF0000841	ENSMUST00000043819	SIX3_MOUSE	GS0014252	ENSMUSG00000022997	15	98620288	98624268	Mus musculus	TFe	18836447	ELECTROPHORETIC MOBILITY SHIFT ASSAY (EMSA)::SUPERSHIFT 
TF0000841	ENSMUST00000043819	SIX3_MOUSE	GS0014323	ENSMUSG00000025945	1	65973096	65974881	Mus musculus	TFe	11139622	PROTEIN BINDING ASSAY::DNA-PROTEIN PRECIPITATION ASSAY
TF0000841	ENSMUST00000043819	SIX3_MOUSE	GS0014255	ENSMUSG00000027168	2	105509053	105538567	Mus musculus	TFe	18836447	PROTEIN BINDING ASSAY::CHROMATIN IMMUNOPRECIPITATION (CHIP)
TF0000679	ENSMUST00000037824	FOXH1_MOUSE	GS0013405	ENSMUSG00000026497	1	182623185	182627165	Mus musculus	TFe	15982639	ELECTROPHORETIC MOBILITY SHIFT ASSAY (EMSA)::DIRECT GEL SHIFT  
TF0000679	ENSMUST00000037824	FOXH1_MOUSE	GS0013405	ENSMUSG00000026497	1	182623185	182627165	Mus musculus	TFe	15982639	ELECTROPHORETIC MOBILITY SHIFT ASSAY (EMSA)::GEL SHIFT COMPETITION  
TF0000679	ENSMUST00000037824	FOXH1_MOUSE	GS0013566	ENSMUSG00000037171	10	60880720	60888086	Mus musculus	TFe	10678167	ELECTROPHORETIC MOBILITY SHIFT ASSAY (EMSA)::GEL SHIFT COMPETITION  
TF0000679	ENSMUST00000037824	FOXH1_MOUSE	GS0013577	ENSMUSG00000021095	12	105709419	105711446	Mus musculus	TFe	9702197	ELECTROPHORETIC MOBILITY SHIFT ASSAY (EMSA)::DIRECT GEL SHIFT  
TF0000679	ENSMUST00000037824	FOXH1_MOUSE	GS0013577	ENSMUSG00000021095	12	105709419	105711446	Mus musculus	TFe	9702197	ELECTROPHORETIC MOBILITY SHIFT ASSAY (EMSA)::DIRECT GEL SHIFT  
TF0000681	ENSMUST00000047315	FOXA2_MOUSE	GS0013408	ENSMUSG00000029644	5	148081707	148086725	Mus musculus	TFe	14701942	ELECTROPHORETIC MOBILITY SHIFT ASSAY (EMSA)::GEL SHIFT COMPETITION  
TF0000681	ENSMUST00000047315	FOXA2_MOUSE	GS0013408	ENSMUSG00000029644	5	148081707	148086725	Mus musculus	TFe	14701942	PROTEIN BINDING ASSAY::CHROMATIN IMMUNOPRECIPITATION (CHIP)
TF0000681	ENSMUST00000047315	FOXA2_MOUSE	GS0013588	ENSMUSG00000029368	5	90889915	90905629	Mus musculus	TFe	1990282	ELECTROPHORETIC MOBILITY SHIFT ASSAY (EMSA)::GEL SHIFT COMPETITION  
TF0000681	ENSMUST00000047315	FOXA2_MOUSE	GS0013588	ENSMUSG00000029368	5	90889915	90905629	Mus musculus	TFe	1990282	PROTEIN BINDING ASSAY::DNASE FOOTPRINTING ASSAY 
TF0000681	ENSMUST00000047315	FOXA2_MOUSE	GS0013590	ENSG00000123843	1	207262187	207273338	Homo sapiens	TFe	1990282	ELECTROPHORETIC MOBILITY SHIFT ASSAY (EMSA)::GEL SHIFT COMPETITION  
TF0000681	ENSMUST00000047315	FOXA2_MOUSE	GS0013592	ENSMUSG00000067279	19	36806227	36811143	Mus musculus	TFe	16627590	ELECTROPHORETIC MOBILITY SHIFT ASSAY (EMSA)::GEL SHIFT COMPETITION  
TF0000681	ENSMUST00000047315	FOXA2_MOUSE	GS0013592	ENSMUSG00000067279	19	36806227	36811143	Mus musculus	TFe	16627590	ELECTROPHORETIC MOBILITY SHIFT ASSAY (EMSA)::SUPERSHIFT 
TF0000681	ENSMUST00000047315	FOXA2_MOUSE	GS0013592	ENSMUSG00000067279	19	36806227	36811143	Mus musculus	TFe	16627590	PROTEIN BINDING ASSAY::CHROMATIN IMMUNOPRECIPITATION (CHIP)
TF0000681	ENSMUST00000047315	FOXA2_MOUSE	GS0013593	ENSMUSG00000017950	2	163332544	163398646	Mus musculus	TFe	11522818	ELECTROPHORETIC MOBILITY SHIFT ASSAY (EMSA)::GEL SHIFT COMPETITION  
TF0000681	ENSMUST00000047315	FOXA2_MOUSE	GS0013604	ENSMUSG00000000394	2	62312587	62321707	Mus musculus	TFe	11773447	ELECTROPHORETIC MOBILITY SHIFT ASSAY (EMSA)::SUPERSHIFT 
TF0000681	ENSMUST00000047315	FOXA2_MOUSE	GS0013618	ENSMUSG00000017344	11	78312593	78315826	Mus musculus	TFe	11997100	ELECTROPHORETIC MOBILITY SHIFT ASSAY (EMSA)::DIRECT GEL SHIFT  
TF0000681	ENSMUST00000047315	FOXA2_MOUSE	GS0013618	ENSMUSG00000017344	11	78312593	78315826	Mus musculus	TFe	11997100	ELECTROPHORETIC MOBILITY SHIFT ASSAY (EMSA)::DIRECT GEL SHIFT  
TF0000681	ENSMUST00000047315	FOXA2_MOUSE	GS0013619	ENSG00000168878	2	85884437	85895864	Homo sapiens	TFe	8065304	ELECTROPHORETIC MOBILITY SHIFT ASSAY (EMSA)::SUPERSHIFT 
TF0000683	ENSMUST00000004145	STAT5A_MOUSE	GS0013411	ENSMUSG00000053113	11	117827393	117831361	Mus musculus	TFe		ELECTROPHORETIC MOBILITY SHIFT ASSAY (EMSA)::SUPERSHIFT 
TF0000684	ENSRNOT00000026662	STAT5A_RAT	GS0013413	ENSRNOG00000017727	2	59660849	59701227	Rattus norvegicus	TFe	17412814	ELECTROPHORETIC MOBILITY SHIFT ASSAY (EMSA)::SUPERSHIFT 
TF0000684	ENSRNOT00000026662	STAT5A_RAT	GS0013414	ENSRNOG00000012052	1	258001134	258001684	Rattus norvegicus	TFe	8776725	ELECTROPHORETIC MOBILITY SHIFT ASSAY (EMSA)::SUPERSHIFT 
TF0000685	ENSRNOT00000026354	STAT5B_RAT	GS0013413	ENSRNOG00000017727	2	59660849	59701227	Rattus norvegicus	TFe	10373481	ELECTROPHORETIC MOBILITY SHIFT ASSAY (EMSA)::SUPERSHIFT 
TF0000686	ENSRNOT00000026662	STAT5A/STAT5B_RAT	GS0013413	ENSRNOG00000017727	2	59660849	59701227	Rattus norvegicus	TFe	10373481	ELECTROPHORETIC MOBILITY SHIFT ASSAY (EMSA)::SUPERSHIFT 
TF0000687	ENST00000293328	STAT5B_HUMAN	GS0013417	ENSG00000099985	22	30658818	30662829	Homo sapiens	TFe	10556323	ELECTROPHORETIC MOBILITY SHIFT ASSAY (EMSA)::SUPERSHIFT 
TF0000708	ENSMUST00000025453	FOXH1_FROG/SMAD2_MOUSE/SMAD4_MOUSE	GS0013566	ENSMUSG00000037171	10	60880720	60888086	Mus musculus	TFe	10678167	ELECTROPHORETIC MOBILITY SHIFT ASSAY (EMSA)::SUPERSHIFT 
TF0000709	ENSMUST00000025453	FOXH1_FROG/SMAD2_MOUSE/SMAD4_FROG	GS0013571	ENSMUSG00000066652	1	182823239	182829234	Mus musculus	TFe	10678167	ELECTROPHORETIC MOBILITY SHIFT ASSAY (EMSA)::DIRECT GEL SHIFT  
TF0000709	ENSMUST00000025453	FOXH1_FROG/SMAD2_MOUSE/SMAD4_FROG	GS0013571	ENSMUSG00000066652	1	182823239	182829234	Mus musculus	TFe	10678167	ELECTROPHORETIC MOBILITY SHIFT ASSAY (EMSA)::DIRECT GEL SHIFT  
TF0000710	ENSMUST00000037824	FOXH1/NKX2-5_MOUSE	GS0013573	ENSMUSG00000005583	13	83643033	83806684	Mus musculus	TFe	15363409	PROTEIN BINDING ASSAY::CHROMATIN IMMUNOPRECIPITATION (CHIP)
TF0000716	ENST00000250448	FOXA1_HUMAN	GS0013585	ENSG00000160868	7	99354604	99381888	Homo sapiens	TFe	15100175	ELECTROPHORETIC MOBILITY SHIFT ASSAY (EMSA)::DIRECT GEL SHIFT  
TF0000716	ENST00000250448	FOXA1_HUMAN	GS0013603	ENSG00000143819	1	225997794	226033260	Homo sapiens	TFe	15465926	ELECTROPHORETIC MOBILITY SHIFT ASSAY (EMSA)::SUPERSHIFT 
TF0000716	ENST00000250448	FOXA1_HUMAN	GS0013604	ENSMUSG00000000394	2	62312587	62321707	Mus musculus	TFe	11773447	ELECTROPHORETIC MOBILITY SHIFT ASSAY (EMSA)::SUPERSHIFT 
TF0000716	ENST00000250448	FOXA1_HUMAN	GS0013597	ENSMUSG00000061808	18	20823751	20832825	Mus musculus	TFe	7862129	ELECTROPHORETIC MOBILITY SHIFT ASSAY (EMSA)::SUPERSHIFT 
TF0000716	ENST00000250448	FOXA1_HUMAN	GS0013606	ENSG00000160182	21	43782391	43786703	Homo sapiens	TFe	10073575	ELECTROPHORETIC MOBILITY SHIFT ASSAY (EMSA)::SUPERSHIFT 
TF0000717	ENST00000319993	FOXA2_HUMAN	GS0013587	ENSG00000132437	7	50526134	50633154	Homo sapiens	TFe	9602135	ELECTROPHORETIC MOBILITY SHIFT ASSAY (EMSA)::GEL SHIFT COMPETITION  
TF0000717	ENST00000319993	FOXA2_HUMAN	GS0013603	ENSG00000143819	1	225997794	226033260	Homo sapiens	TFe	15465926	ELECTROPHORETIC MOBILITY SHIFT ASSAY (EMSA)::SUPERSHIFT 
TF0000717	ENST00000319993	FOXA2_HUMAN	GS0013604	ENSMUSG00000000394	2	62312587	62321707	Mus musculus	TFe	11773447	ELECTROPHORETIC MOBILITY SHIFT ASSAY (EMSA)::SUPERSHIFT 
TF0000717	ENST00000319993	FOXA2_HUMAN	GS0013604	ENSMUSG00000000394	2	62312587	62321707	Mus musculus	TFe	11773447	ELECTROPHORETIC MOBILITY SHIFT ASSAY (EMSA)::SUPERSHIFT 
TF0000717	ENST00000319993	FOXA2_HUMAN	GS0013605	ENSG00000118137	11	116706467	116708666	Homo sapiens	TFe	7961760	ELECTROPHORETIC MOBILITY SHIFT ASSAY (EMSA)::SUPERSHIFT 
TF0000717	ENST00000319993	FOXA2_HUMAN	GS0013597	ENSMUSG00000061808	18	20823751	20832825	Mus musculus	TFe	7862129	ELECTROPHORETIC MOBILITY SHIFT ASSAY (EMSA)::SUPERSHIFT 
TF0000717	ENST00000319993	FOXA2_HUMAN	GS0013606	ENSG00000160182	21	43782391	43786703	Homo sapiens	TFe	10073575	ELECTROPHORETIC MOBILITY SHIFT ASSAY (EMSA)::SUPERSHIFT 
TF0000718	ENSMUST00000044380	FOXA1_MOUSE	GS0013590	ENSG00000123843	1	207262187	207273338	Homo sapiens	TFe	1990282	ELECTROPHORETIC MOBILITY SHIFT ASSAY (EMSA)::GEL SHIFT COMPETITION  
TF0000718	ENSMUST00000044380	FOXA1_MOUSE	GS0013592	ENSMUSG00000067279	19	36806227	36811143	Mus musculus	TFe	16627590	PROTEIN BINDING ASSAY::CHROMATIN IMMUNOPRECIPITATION (CHIP)
TF0000718	ENSMUST00000044380	FOXA1_MOUSE	GS0013588	ENSMUSG00000029368	5	90889915	90905629	Mus musculus	TFe	8455618	ELECTROPHORETIC MOBILITY SHIFT ASSAY (EMSA)::SUPERSHIFT 
TF0000718	ENSMUST00000044380	FOXA1_MOUSE	GS0013604	ENSMUSG00000000394	2	62312587	62321707	Mus musculus	TFe	11773447	ELECTROPHORETIC MOBILITY SHIFT ASSAY (EMSA)::SUPERSHIFT 
TF0000718	ENSMUST00000044380	FOXA1_MOUSE	GS0013618	ENSMUSG00000017344	11	78312593	78315826	Mus musculus	TFe	11997100	ELECTROPHORETIC MOBILITY SHIFT ASSAY (EMSA)::DIRECT GEL SHIFT  
TF0000718	ENSMUST00000044380	FOXA1_MOUSE	GS0013618	ENSMUSG00000017344	11	78312593	78315826	Mus musculus	TFe	11997100	ELECTROPHORETIC MOBILITY SHIFT ASSAY (EMSA)::DIRECT GEL SHIFT  
TF0000718	ENSMUST00000044380	FOXA1_MOUSE	GS0013619	ENSG00000168878	2	85884437	85895864	Homo sapiens	TFe	8065304	ELECTROPHORETIC MOBILITY SHIFT ASSAY (EMSA)::SUPERSHIFT 
TF0000718	ENSMUST00000044380	FOXA1_MOUSE	GS0013620	ENSG00000136352	14	36985602	36990354	Homo sapiens	TFe	8668179	ELECTROPHORETIC MOBILITY SHIFT ASSAY (EMSA)::SUPERSHIFT 
TF0000718	ENSMUST00000044380	FOXA1_MOUSE	GS0013620	ENSG00000136352	14	36985602	36990354	Homo sapiens	TFe	8668179	ELECTROPHORETIC MOBILITY SHIFT ASSAY (EMSA)::SUPERSHIFT 
TF0000718	ENSMUST00000044380	FOXA1_MOUSE	GS0013588	ENSMUSG00000029368	5	90889915	90905629	Mus musculus	TFe	9811575	ELECTROPHORETIC MOBILITY SHIFT ASSAY (EMSA)::DIRECT GEL SHIFT  
TF0000718	ENSMUST00000044380	FOXA1_MOUSE	GS0013588	ENSMUSG00000029368	5	90889915	90905629	Mus musculus	TFe	9811575	PROTEIN BINDING ASSAY::IN-VIVO FOOTPRINTING ASSAY
TF0000718	ENSMUST00000044380	FOXA1_MOUSE	GS0013588	ENSMUSG00000029368	5	90889915	90905629	Mus musculus	TFe	9811575	PROTEIN BINDING ASSAY::IN-VIVO FOOTPRINTING ASSAY
TF0000719	ENSMUST00000036018	FOXA3_MOUSE	GS0013590	ENSG00000123843	1	207262187	207273338	Homo sapiens	TFe	1990282	ELECTROPHORETIC MOBILITY SHIFT ASSAY (EMSA)::GEL SHIFT COMPETITION  
TF0000720	ENSRNOT00000017742	FOXA2_RAT	GS0013595	ENSG00000171564	4	155484108	155492238	Homo sapiens	TFe	15737987	ELECTROPHORETIC MOBILITY SHIFT ASSAY (EMSA)::SUPERSHIFT 
TF0000720	ENSRNOT00000017742	FOXA2_RAT	GS0013595	ENSG00000171564	4	155484108	155492238	Homo sapiens	TFe	15737987	ELECTROPHORETIC MOBILITY SHIFT ASSAY (EMSA)::DIRECT GEL SHIFT  
TF0000720	ENSRNOT00000017742	FOXA2_RAT	GS0013595	ENSG00000171564	4	155484108	155492238	Homo sapiens	TFe	15465926	ELECTROPHORETIC MOBILITY SHIFT ASSAY (EMSA)::SUPERSHIFT 
TF0000720	ENSRNOT00000017742	FOXA2_RAT	GS0013596	ENSRNOG00000013704	9	65907072	66017957	Rattus norvegicus	TFe	9774647	PROTEIN BINDING ASSAY::DNASE FOOTPRINTING ASSAY 
TF0000720	ENSRNOT00000017742	FOXA2_RAT	GS0013596	ENSRNOG00000013704	9	65907072	66017957	Rattus norvegicus	TFe	9774647	PROTEIN BINDING ASSAY::DNASE FOOTPRINTING COMPETITION ASSAY
TF0000720	ENSRNOT00000017742	FOXA2_RAT	GS0013596	ENSRNOG00000013704	9	65907072	66017957	Rattus norvegicus	TFe	9774647	PROTEIN BINDING ASSAY::DNASE FOOTPRINTING COMPETITION ASSAY
TF0000720	ENSRNOT00000017742	FOXA2_RAT	GS0013587	ENSG00000132437	7	50526134	50633154	Homo sapiens	TFe	9602135	ELECTROPHORETIC MOBILITY SHIFT ASSAY (EMSA)::DIRECT GEL SHIFT  
TF0000720	ENSRNOT00000017742	FOXA2_RAT	GS0013587	ENSG00000132437	7	50526134	50633154	Homo sapiens	TFe	9602135	ELECTROPHORETIC MOBILITY SHIFT ASSAY (EMSA)::DIRECT GEL SHIFT  
TF0000720	ENSRNOT00000017742	FOXA2_RAT	GS0013597	ENSMUSG00000061808	18	20823751	20832825	Mus musculus	TFe	8887657	ELECTROPHORETIC MOBILITY SHIFT ASSAY (EMSA)::DIRECT GEL SHIFT  
TF0000720	ENSRNOT00000017742	FOXA2_RAT	GS0013605	ENSG00000118137	11	116706467	116708666	Homo sapiens	TFe	7961760	ELECTROPHORETIC MOBILITY SHIFT ASSAY (EMSA)::GEL SHIFT COMPETITION  
TF0000720	ENSRNOT00000017742	FOXA2_RAT	GS0013605	ENSG00000118137	11	116706467	116708666	Homo sapiens	TFe	7961760	ELECTROPHORETIC MOBILITY SHIFT ASSAY (EMSA)::DIRECT GEL SHIFT  
TF0000720	ENSRNOT00000017742	FOXA2_RAT	GS0013607	ENSMUSG00000024986	19	37509331	37515221	Mus musculus	TFe	10767553	ELECTROPHORETIC MOBILITY SHIFT ASSAY (EMSA)::GEL SHIFT COMPETITION  
TF0000720	ENSRNOT00000017742	FOXA2_RAT	GS0013608	ENSRNOG00000016348	19	39854122	39865374	Rattus norvegicus	TFe	8100067	ELECTROPHORETIC MOBILITY SHIFT ASSAY (EMSA)::SUPERSHIFT 
TF0000720	ENSRNOT00000017742	FOXA2_RAT	GS0013610	ENSG00000146678	7	45927956	45933267	Homo sapiens	TFe	7532283	ELECTROPHORETIC MOBILITY SHIFT ASSAY (EMSA)::SUPERSHIFT 
TF0000720	ENSRNOT00000017742	FOXA2_RAT	GS0013611	ENSMUSG00000027513	2	172978549	172984774	Mus musculus	TFe	7532283	ELECTROPHORETIC MOBILITY SHIFT ASSAY (EMSA)::SUPERSHIFT 
TF0000720	ENSRNOT00000017742	FOXA2_RAT	GS0013612	ENSRNOG00000008371	14	87950222	87955289	Rattus norvegicus	TFe	7524494	ELECTROPHORETIC MOBILITY SHIFT ASSAY (EMSA)::SUPERSHIFT 
TF0000720	ENSRNOT00000017742	FOXA2_RAT	GS0013612	ENSRNOG00000008371	14	87950222	87955289	Rattus norvegicus	TFe	7524494	ELECTROPHORETIC MOBILITY SHIFT ASSAY (EMSA)::DIRECT GEL SHIFT  
TF0000720	ENSRNOT00000017742	FOXA2_RAT	GS0013613	ENSMUSG00000054932	5	90919740	90937933	Mus musculus	TFe	7520913	ELECTROPHORETIC MOBILITY SHIFT ASSAY (EMSA)::DIRECT GEL SHIFT  
TF0000720	ENSRNOT00000017742	FOXA2_RAT	GS0013613	ENSMUSG00000054932	5	90919740	90937933	Mus musculus	TFe	7520913	ELECTROPHORETIC MOBILITY SHIFT ASSAY (EMSA)::DIRECT GEL SHIFT  
TF0000720	ENSRNOT00000017742	FOXA2_RAT	GS0013614	ENSRNOG00000005498	3	44432447	44438004	Rattus norvegicus	TFe	15828872	ELECTROPHORETIC MOBILITY SHIFT ASSAY (EMSA)::DIRECT GEL SHIFT  
TF0000720	ENSRNOT00000017742	FOXA2_RAT	GS0013615	ENSG00000115263	2	162999392	163008914	Homo sapiens	TFe	15828872	ELECTROPHORETIC MOBILITY SHIFT ASSAY (EMSA)::DIRECT GEL SHIFT  
TF0000720	ENSRNOT00000017742	FOXA2_RAT	GS0013616	ENSRNOG00000000165	X	39834104	39886105	Rattus norvegicus	TFe	8396149	ELECTROPHORETIC MOBILITY SHIFT ASSAY (EMSA)::SUPERSHIFT 
TF0000720	ENSRNOT00000017742	FOXA2_RAT	GS0013617	ENSRNOG00000002911	14	19126953	19142214	Rattus norvegicus	TFe	10024498	ELECTROPHORETIC MOBILITY SHIFT ASSAY (EMSA)::SUPERSHIFT 
TF0000720	ENSRNOT00000017742	FOXA2_RAT	GS0013617	ENSRNOG00000002911	14	19126953	19142214	Rattus norvegicus	TFe	10024498	ELECTROPHORETIC MOBILITY SHIFT ASSAY (EMSA)::DIRECT GEL SHIFT  
TF0000721	ENSRNOT00000009940	FOXA1_RAT	GS0013599	ENSG00000091513	3	133464800	133497850	Homo sapiens	TFe	8495744	ELECTROPHORETIC MOBILITY SHIFT ASSAY (EMSA)::GEL SHIFT COMPETITION  
TF0000721	ENSRNOT00000009940	FOXA1_RAT	GS0013588	ENSMUSG00000029368	5	90889915	90905629	Mus musculus	TFe	8455618	ELECTROPHORETIC MOBILITY SHIFT ASSAY (EMSA)::GEL SHIFT COMPETITION  
TF0000721	ENSRNOT00000009940	FOXA1_RAT	GS0013600	ENSG00000084674	2	21224301	21266945	Homo sapiens	TFe	8441395	ELECTROPHORETIC MOBILITY SHIFT ASSAY (EMSA)::GEL SHIFT COMPETITION  
TF0000721	ENSRNOT00000009940	FOXA1_RAT	GS0013600	ENSG00000084674	2	21224301	21266945	Homo sapiens	TFe	8441395	ELECTROPHORETIC MOBILITY SHIFT ASSAY (EMSA)::GEL SHIFT COMPETITION  
TF0000721	ENSRNOT00000009940	FOXA1_RAT	GS0013608	ENSRNOG00000016348	19	39854122	39865374	Rattus norvegicus	TFe	8100067	ELECTROPHORETIC MOBILITY SHIFT ASSAY (EMSA)::SUPERSHIFT 
TF0000721	ENSRNOT00000009940	FOXA1_RAT	GS0013610	ENSG00000146678	7	45927956	45933267	Homo sapiens	TFe	7532283	ELECTROPHORETIC MOBILITY SHIFT ASSAY (EMSA)::SUPERSHIFT 
TF0000721	ENSRNOT00000009940	FOXA1_RAT	GS0013611	ENSMUSG00000027513	2	172978549	172984774	Mus musculus	TFe	7532283	ELECTROPHORETIC MOBILITY SHIFT ASSAY (EMSA)::SUPERSHIFT 
TF0000721	ENSRNOT00000009940	FOXA1_RAT	GS0013616	ENSRNOG00000000165	X	39834104	39886105	Rattus norvegicus	TFe	8396149	ELECTROPHORETIC MOBILITY SHIFT ASSAY (EMSA)::SUPERSHIFT 
TF0000721	ENSRNOT00000009940	FOXA1_RAT	GS0013617	ENSRNOG00000002911	14	19126953	19142214	Rattus norvegicus	TFe	10024498	ELECTROPHORETIC MOBILITY SHIFT ASSAY (EMSA)::SUPERSHIFT 
TF0000721	ENSRNOT00000009940	FOXA1_RAT	GS0013617	ENSRNOG00000002911	14	19126953	19142214	Rattus norvegicus	TFe	10024498	ELECTROPHORETIC MOBILITY SHIFT ASSAY (EMSA)::DIRECT GEL SHIFT  
TF0000724	ENSRNOT00000019219	FOXA3_RAT	GS0013608	ENSRNOG00000016348	19	39854122	39865374	Rattus norvegicus	TFe	8100067	ELECTROPHORETIC MOBILITY SHIFT ASSAY (EMSA)::SUPERSHIFT 
TF0000727	ENSRNOT00000021020	TEAD1_RAT	GS0013630	ENSMUSG00000020542	11	64990063	65083491	Mus musculus	TFe	17021041	ELECTROPHORETIC MOBILITY SHIFT ASSAY (EMSA)::GEL SHIFT COMPETITION  
TF0000727	ENSRNOT00000021020	TEAD1_RAT	GS0013631	ENSMUSG00000045875	14	67254088	67390005	Mus musculus	TFe	11306707	ELECTROPHORETIC MOBILITY SHIFT ASSAY (EMSA)::GEL SHIFT COMPETITION  
TF0000727	ENSRNOT00000021020	TEAD1_RAT	GS0013631	ENSMUSG00000045875	14	67254088	67390005	Mus musculus	TFe	11306707	ELECTROPHORETIC MOBILITY SHIFT ASSAY (EMSA)::GEL SHIFT COMPETITION  
TF0000727	ENSRNOT00000021020	TEAD1_RAT	GS0013632	ENSRNOG00000018184	8	71331307	71358063	Rattus norvegicus	TFe	11306707	PROTEIN BINDING ASSAY::CHROMATIN IMMUNOPRECIPITATION (CHIP)
TF0000729	ENSMUST00000059768	TEAD1_MOUSE	GS0013635	ENSRNOG00000025757	15	33044506	33068098	Rattus norvegicus	TFe	7961957	ELECTROPHORETIC MOBILITY SHIFT ASSAY (EMSA)::SUPERSHIFT 
TF0000733	ENSMUST00000019938	NR2E1_MOUSE	GS0013642	ENSMUSG00000004231	19	44831882	44910520	Mus musculus	TFe	10706625	ELECTROPHORETIC MOBILITY SHIFT ASSAY (EMSA)::GEL SHIFT COMPETITION  
TF0000733	ENSMUST00000019938	NR2E1_MOUSE	GS0013644	ENSG00000171862	10	89622870	89731687	Homo sapiens	TFe	16702404	ELECTROPHORETIC MOBILITY SHIFT ASSAY (EMSA)::SUPERSHIFT 
TF0000733	ENSMUST00000019938	NR2E1_MOUSE	GS0013648	ENSMUSG00000024998	19	38598687	38859588	Mus musculus	TFe	16702404	ELECTROPHORETIC MOBILITY SHIFT ASSAY (EMSA)::SUPERSHIFT 
TF0000734	ENST00000368986	NR2E1_HUMAN	GS0013644	ENSG00000171862	10	89622870	89731687	Homo sapiens	TFe	18391013	PROTEIN BINDING ASSAY::CHROMATIN IMMUNOPRECIPITATION (CHIP)
TF0000764	ENST00000335953	ZBTB16_HUMAN	GS0014019	ENSMUSG00000075588	11	96213125	96215330	Mus musculus	TFe	12802276	ELECTROPHORETIC MOBILITY SHIFT ASSAY (EMSA)::GEL SHIFT COMPETITION  
TF0000764	ENST00000335953	ZBTB16_HUMAN	GS0014019	ENSMUSG00000075588	11	96213125	96215330	Mus musculus	TFe	12802276	ELECTROPHORETIC MOBILITY SHIFT ASSAY (EMSA)::SUPERSHIFT 
TF0000764	ENST00000335953	ZBTB16_HUMAN	GS0014021	ENSG00000117400	1	43803475	43818443	Homo sapiens	TFe	12242665	ELECTROPHORETIC MOBILITY SHIFT ASSAY (EMSA)::DIRECT GEL SHIFT  
TF0000764	ENST00000335953	ZBTB16_HUMAN	GS0014021	ENSG00000117400	1	43803475	43818443	Homo sapiens	TFe	12242665	ELECTROPHORETIC MOBILITY SHIFT ASSAY (EMSA)::SUPERSHIFT 
TF0000764	ENST00000335953	ZBTB16_HUMAN	GS0014019	ENSMUSG00000075588	11	96213125	96215330	Mus musculus	TFe	12802276	PROTEIN BINDING ASSAY::CHROMATIN IMMUNOPRECIPITATION (CHIP)
TF0000764	ENST00000335953	ZBTB16_HUMAN	GS0014018	ENSG00000145386	4	122737599	122745087	Homo sapiens	TFe	10023668	ELECTROPHORETIC MOBILITY SHIFT ASSAY (EMSA)::GEL SHIFT COMPETITION  
TF0000764	ENST00000335953	ZBTB16_HUMAN	GS0014018	ENSG00000145386	4	122737599	122745087	Homo sapiens	TFe	10023668	ELECTROPHORETIC MOBILITY SHIFT ASSAY (EMSA)::GEL SHIFT COMPETITION  
TF0000764	ENST00000335953	ZBTB16_HUMAN	GS0014018	ENSG00000145386	4	122737599	122745087	Homo sapiens	TFe	18504436	PROTEIN BINDING ASSAY::CHROMATIN IMMUNOPRECIPITATION (CHIP)
TF0000764	ENST00000335953	ZBTB16_HUMAN	GS0014017	ENSG00000094804	17	38443885	38459171	Homo sapiens	TFe	18504436	PROTEIN BINDING ASSAY::CHROMATIN IMMUNOPRECIPITATION (CHIP)
TF0000764	ENST00000335953	ZBTB16_HUMAN	GS0014016	ENSG00000207936	5	159912359	159912457	Homo sapiens	TFe	18568019	PROTEIN BINDING ASSAY::CHROMATIN IMMUNOPRECIPITATION (CHIP)
TF0000770	ENST00000381020	CDX2_HUMAN	GS0014032	ENSG00000133742	8	86239837	86291243	Homo sapiens	TFe	9512360	REPORTER GENE ASSAY::CHLORAMPHENICOL ACETYLTRANSFERASE (CAT) ASSAY 
TF0000770	ENST00000381020	CDX2_HUMAN	GS0014033	ENSG00000070019	12	14765576	14849519	Homo sapiens	TFe	10889158	ELECTROPHORETIC MOBILITY SHIFT ASSAY (EMSA)::DIRECT GEL SHIFT  
TF0000770	ENST00000381020	CDX2_HUMAN	GS0014033	ENSG00000070019	12	14765576	14849519	Homo sapiens	TFe	10889158	ELECTROPHORETIC MOBILITY SHIFT ASSAY (EMSA)::GEL SHIFT COMPETITION  
TF0000770	ENST00000381020	CDX2_HUMAN	GS0014034	ENSG00000090402	3	164696686	164796283	Homo sapiens	TFe	10889158	ELECTROPHORETIC MOBILITY SHIFT ASSAY (EMSA)::GEL SHIFT COMPETITION  
TF0000770	ENST00000381020	CDX2_HUMAN	GS0014033	ENSG00000070019	12	14765576	14849519	Homo sapiens	TFe	11684084	ELECTROPHORETIC MOBILITY SHIFT ASSAY (EMSA)::GEL SHIFT COMPETITION  
TF0000770	ENST00000381020	CDX2_HUMAN	GS0014037	ENSG00000007952	X	100098313	100129334	Homo sapiens	TFe	18005670	ELECTROPHORETIC MOBILITY SHIFT ASSAY (EMSA)::SUPERSHIFT 
TF0000770	ENST00000381020	CDX2_HUMAN	GS0014034	ENSG00000090402	3	164696686	164796283	Homo sapiens	TFe	18005670	ELECTROPHORETIC MOBILITY SHIFT ASSAY (EMSA)::GEL SHIFT COMPETITION  
TF0000770	ENST00000381020	CDX2_HUMAN	GS0014037	ENSG00000007952	X	100098313	100129334	Homo sapiens	TFe	18005670	PROTEIN BINDING ASSAY::CHROMATIN IMMUNOPRECIPITATION (CHIP)
TF0000770	ENST00000381020	CDX2_HUMAN	GS0014036	ENSG00000171234	4	69917081	69978705	Homo sapiens	TFe	16788384	ELECTROPHORETIC MOBILITY SHIFT ASSAY (EMSA)::SUPERSHIFT 
TF0000770	ENST00000381020	CDX2_HUMAN	GS0014035	ENSG00000124762	6	36644305	36655116	Homo sapiens	TFe	12970742	ELECTROPHORETIC MOBILITY SHIFT ASSAY (EMSA)::SUPERSHIFT 
TF0000771	ENST00000341558	FOXO4_HUMAN	GS0013610	ENSG00000146678	7	45927956	45933267	Homo sapiens	TFe	10217147	ELECTROPHORETIC MOBILITY SHIFT ASSAY (EMSA)::DIRECT GEL SHIFT  
TF0000771	ENST00000341558	FOXO4_HUMAN	GS0014039	ENSG00000103479	16	53468361	53525560	Homo sapiens	TFe	11884591	ELECTROPHORETIC MOBILITY SHIFT ASSAY (EMSA)::GEL SHIFT COMPETITION  
TF0000771	ENST00000341558	FOXO4_HUMAN	GS0014040	ENSG00000153094	2	111876955	111924587	Homo sapiens	TFe	15824087	PROTEIN BINDING ASSAY::CHROMATIN IMMUNOPRECIPITATION (CHIP)
TF0000771	ENST00000341558	FOXO4_HUMAN	GS0014041	ENSG00000113916	3	187439165	187463515	Homo sapiens	TFe	11777915	ELECTROPHORETIC MOBILITY SHIFT ASSAY (EMSA)::DIRECT GEL SHIFT  
TF0000771	ENST00000341558	FOXO4_HUMAN	GS0014041	ENSG00000113916	3	187439165	187463515	Homo sapiens	TFe	11777915	ELECTROPHORETIC MOBILITY SHIFT ASSAY (EMSA)::DIRECT GEL SHIFT  
TF0000771	ENST00000341558	FOXO4_HUMAN	GS0014041	ENSG00000113916	3	187439165	187463515	Homo sapiens	TFe	11777915	ELECTROPHORETIC MOBILITY SHIFT ASSAY (EMSA)::DIRECT GEL SHIFT  
TF0000771	ENST00000341558	FOXO4_HUMAN	GS0014041	ENSG00000113916	3	187439165	187463515	Homo sapiens	TFe	11777915	ELECTROPHORETIC MOBILITY SHIFT ASSAY (EMSA)::DIRECT GEL SHIFT  
TF0000771	ENST00000341558	FOXO4_HUMAN	GS0014041	ENSG00000113916	3	187439165	187463515	Homo sapiens	TFe	11777915	ELECTROPHORETIC MOBILITY SHIFT ASSAY (EMSA)::GEL SHIFT COMPETITION  
TF0000772	ENSMUST00000065360	ZIC1_MOUSE	GS0014043	ENSMUSG00000073043	6	64679140	64681227	Mus musculus	TFe	12642498	ELECTROPHORETIC MOBILITY SHIFT ASSAY (EMSA)::DIRECT GEL SHIFT  
TF0000773	ENST00000310227	INSM1_HUMAN	GS0014044	ENSG00000173404	20	20348765	20351590	Homo sapiens	TFe	11842116	ELECTROPHORETIC MOBILITY SHIFT ASSAY (EMSA)::GEL SHIFT COMPETITION  
TF0000774	ENSRNOT00000006163	LMX1A_RAT	GS0013414	ENSRNOG00000012052	1	258001134	258001684	Rattus norvegicus	TFe	1358758	ELECTROPHORETIC MOBILITY SHIFT ASSAY (EMSA)::DIRECT GEL SHIFT  
TF0000774	ENSRNOT00000006163	LMX1A_RAT	GS0014046	ENSRNOG00000020405	1	202935548	202936379	Rattus norvegicus	TFe	1358758	ELECTROPHORETIC MOBILITY SHIFT ASSAY (EMSA)::DIRECT GEL SHIFT  
TF0000774	ENSRNOT00000006163	LMX1A_RAT	GS0014047	ENSG00000121351	12	21507893	21532912	Homo sapiens	TFe	1358758	ELECTROPHORETIC MOBILITY SHIFT ASSAY (EMSA)::DIRECT GEL SHIFT  
TF0000776	ENSRNOT00000027891	FOSL1_RAT	GS0014050	ENSRNOG00000015423	2	123062848	123069090	Rattus norvegicus	TFe	17347653	PROTEIN BINDING ASSAY::CHROMATIN IMMUNOPRECIPITATION (CHIP)
TF0000776	ENSRNOT00000027891	FOSL1_RAT	GS0014050	ENSRNOG00000015423	2	123062848	123069090	Rattus norvegicus	TFe	17347653	PROTEIN BINDING ASSAY::CHROMATIN IMMUNOPRECIPITATION (CHIP)
TF0000776	ENSRNOT00000027891	FOSL1_RAT	GS0014050	ENSRNOG00000015423	2	123062848	123069090	Rattus norvegicus	TFe	17347653	PROTEIN BINDING ASSAY::CHROMATIN IMMUNOPRECIPITATION (CHIP)
TF0000776	ENSRNOT00000027891	FOSL1_RAT	GS0014050	ENSRNOG00000015423	2	123062848	123069090	Rattus norvegicus	TFe	17347653	PROTEIN BINDING ASSAY::CHROMATIN IMMUNOPRECIPITATION (CHIP)
TF0000776	ENSRNOT00000027891	FOSL1_RAT	GS0014049	ENSRNOG00000020552	1	208090612	208099118	Rattus norvegicus	TFe	17347653	PROTEIN BINDING ASSAY::CHROMATIN IMMUNOPRECIPITATION (CHIP)
TF0000776	ENSRNOT00000027891	FOSL1_RAT	GS0014050	ENSRNOG00000015423	2	123062848	123069090	Rattus norvegicus	TFe	17347653	ELECTROPHORETIC MOBILITY SHIFT ASSAY (EMSA)::SUPERSHIFT 
TF0000776	ENSRNOT00000027891	FOSL1_RAT	GS0014050	ENSRNOG00000015423	2	123062848	123069090	Rattus norvegicus	TFe	17347653	ELECTROPHORETIC MOBILITY SHIFT ASSAY (EMSA)::SUPERSHIFT 
TF0000776	ENSRNOT00000027891	FOSL1_RAT	GS0014049	ENSRNOG00000020552	1	208090612	208099118	Rattus norvegicus	TFe	17347653	ELECTROPHORETIC MOBILITY SHIFT ASSAY (EMSA)::SUPERSHIFT 
TF0000779	ENSMUST00000099151	SOX2_MOUSE	GS0014055	ENSMUSG00000050917	7	152047291	152051148	Mus musculus	TFe	12923055	ELECTROPHORETIC MOBILITY SHIFT ASSAY (EMSA)::DIRECT GEL SHIFT  
TF0000779	ENSMUST00000099151	SOX2_MOUSE	GS0014052	ENSMUSG00000047751	7	147129688	147131011	Mus musculus	TFe	12923055	ELECTROPHORETIC MOBILITY SHIFT ASSAY (EMSA)::DIRECT GEL SHIFT  
TF0000779	ENSMUST00000099151	SOX2_MOUSE	GS0014056	ENSMUSG00000024406	17	35642984	35647722	Mus musculus	TFe	15988017	PROTEIN BINDING ASSAY::CHROMATIN IMMUNOPRECIPITATION (CHIP)
TF0000779	ENSMUST00000099151	SOX2_MOUSE	GS0014056	ENSMUSG00000024406	17	35642984	35647722	Mus musculus	TFe	15988017	PROTEIN BINDING ASSAY::CHROMATIN IMMUNOPRECIPITATION (CHIP)
TF0000779	ENSMUST00000099151	SOX2_MOUSE	GS0014056	ENSMUSG00000024406	17	35642984	35647722	Mus musculus	TFe	15988017	PROTEIN BINDING ASSAY::CHROMATIN IMMUNOPRECIPITATION (CHIP)
TF0000779	ENSMUST00000099151	SOX2_MOUSE	GS0014056	ENSMUSG00000024406	17	35642984	35647722	Mus musculus	TFe	15988017	PROTEIN BINDING ASSAY::CHROMATIN IMMUNOPRECIPITATION (CHIP)
TF0000779	ENSMUST00000099151	SOX2_MOUSE	GS0014056	ENSMUSG00000024406	17	35642984	35647722	Mus musculus	TFe	15988017	PROTEIN BINDING ASSAY::CHROMATIN IMMUNOPRECIPITATION (CHIP)
TF0000779	ENSMUST00000099151	SOX2_MOUSE	GS0014440	ENSMUSG00000058550	16	48283848	48294405	Mus musculus	TFe	18366076	PROTEIN BINDING ASSAY::CHROMATIN IMMUNOPRECIPITATION (CHIP)
TF0000779	ENSMUST00000099151	SOX2_MOUSE	GS0014054	ENSMUSG00000074637	3	34548927	34551383	Mus musculus	TFe	16547000	PROTEIN BINDING ASSAY::CHROMATIN IMMUNOPRECIPITATION (CHIP)
TF0000780	ENST00000225893	HNF1B_HUMAN	GS0014058	ENSG00000147003	X	15645441	15683154	Homo sapiens	TFe	16330323	ELECTROPHORETIC MOBILITY SHIFT ASSAY (EMSA)::GEL SHIFT COMPETITION  
TF0000780	ENST00000225893	HNF1B_HUMAN	GS0014067	ENSMUSG00000031881	8	107125813	107148296	Mus musculus	TFe	12217876	ELECTROPHORETIC MOBILITY SHIFT ASSAY (EMSA)::GEL SHIFT COMPETITION  
TF0000780	ENST00000225893	HNF1B_HUMAN	GS0014058	ENSG00000147003	X	15645441	15683154	Homo sapiens	TFe	17476336	ELECTROPHORETIC MOBILITY SHIFT ASSAY (EMSA)::SUPERSHIFT 
TF0000780	ENST00000225893	HNF1B_HUMAN	GS0014196	ENSG00000197635	2	162848751	162931052	Homo sapiens	TFe	9931303	ELECTROPHORETIC MOBILITY SHIFT ASSAY (EMSA)::GEL SHIFT COMPETITION  
TF0000780	ENST00000225893	HNF1B_HUMAN	GS0014197	ENSG00000167780	12	53497302	53518322	Homo sapiens	TFe	15961790	ELECTROPHORETIC MOBILITY SHIFT ASSAY (EMSA)::SUPERSHIFT 
TF0000780	ENST00000225893	HNF1B_HUMAN	GS0014198	ENSG00000149452	11	62756626	62783311	Homo sapiens	TFe	16793932	ELECTROPHORETIC MOBILITY SHIFT ASSAY (EMSA)::SUPERSHIFT 
TF0000780	ENST00000225893	HNF1B_HUMAN	GS0014199	ENSG00000166741	11	114128509	114184007	Homo sapiens	TFe	15486044	ELECTROPHORETIC MOBILITY SHIFT ASSAY (EMSA)::GEL SHIFT COMPETITION  
TF0000781	ENST00000394166	NR2F2_HUMAN	GS0013605	ENSG00000118137	11	116706467	116708666	Homo sapiens	TFe	9580705	ELECTROPHORETIC MOBILITY SHIFT ASSAY (EMSA)::GEL SHIFT COMPETITION  
TF0000781	ENST00000394166	NR2F2_HUMAN	GS0014046	ENSRNOG00000020405	1	202935548	202936379	Rattus norvegicus	TFe	9580705	ELECTROPHORETIC MOBILITY SHIFT ASSAY (EMSA)::GEL SHIFT COMPETITION  
TF0000781	ENST00000394166	NR2F2_HUMAN	GS0013611	ENSMUSG00000027513	2	172978549	172984774	Mus musculus	TFe	9580705	ELECTROPHORETIC MOBILITY SHIFT ASSAY (EMSA)::GEL SHIFT COMPETITION  
TF0000781	ENST00000394166	NR2F2_HUMAN	GS0014056	ENSMUSG00000024406	17	35642984	35647722	Mus musculus	TFe	9580705	ELECTROPHORETIC MOBILITY SHIFT ASSAY (EMSA)::GEL SHIFT COMPETITION  
TF0000781	ENST00000394166	NR2F2_HUMAN	GS0014060	ENSMUSG00000032496	9	110921796	110945270	Mus musculus	TFe	9580705	ELECTROPHORETIC MOBILITY SHIFT ASSAY (EMSA)::GEL SHIFT COMPETITION  
TF0000781	ENST00000394166	NR2F2_HUMAN	GS0014061	ENSRNOG00000018257	1	163319509	163327017	Rattus norvegicus	TFe	9580705	ELECTROPHORETIC MOBILITY SHIFT ASSAY (EMSA)::GEL SHIFT COMPETITION  
TF0000781	ENST00000394166	NR2F2_HUMAN	GS0014062	ENSG00000143627	1	155259086	155271225	Homo sapiens	TFe	9580705	ELECTROPHORETIC MOBILITY SHIFT ASSAY (EMSA)::GEL SHIFT COMPETITION  
TF0000781	ENST00000394166	NR2F2_HUMAN	GS0014063	ENSG00000117054	1	76190036	76253260	Homo sapiens	TFe	9580705	ELECTROPHORETIC MOBILITY SHIFT ASSAY (EMSA)::GEL SHIFT COMPETITION  
TF0000781	ENST00000394166	NR2F2_HUMAN	GS0013600	ENSG00000084674	2	21224301	21266945	Homo sapiens	TFe	9580705	ELECTROPHORETIC MOBILITY SHIFT ASSAY (EMSA)::GEL SHIFT COMPETITION  
TF0000781	ENST00000394166	NR2F2_HUMAN	GS0014064	ENSRNOG00000013932	8	103665461	103685768	Rattus norvegicus	TFe	9580705	ELECTROPHORETIC MOBILITY SHIFT ASSAY (EMSA)::GEL SHIFT COMPETITION  
TF0000782	ENSMUST00000021016	HNF1B_MOUSE	GS0014066	ENSMUSG00000043760	1	20047860	20608145	Mus musculus	TFe	15067314	ELECTROPHORETIC MOBILITY SHIFT ASSAY (EMSA)::SUPERSHIFT 
TF0000782	ENSMUST00000021016	HNF1B_MOUSE	GS0014068	ENSMUSG00000028357	4	62826668	62833165	Mus musculus	TFe	19005009	PROTEIN BINDING ASSAY::CHROMATIN IMMUNOPRECIPITATION (CHIP)
TF0000782	ENSMUST00000021016	HNF1B_MOUSE	GS0013411	ENSMUSG00000053113	11	117827393	117831361	Mus musculus	TFe	18077349	PROTEIN BINDING ASSAY::CHROMATIN IMMUNOPRECIPITATION (CHIP)
TF0000839	ENSRNOT00000017305	LHX3_HUMAN/ ISL1_RAT	GS0014248	ENSRNOG00000002011	14	23625135	23656583	Rattus norvegicus	TFe	16613990	PROTEIN BINDING ASSAY::DNA-PROTEIN PRECIPITATION ASSAY
TF0000786	ENSMUST00000051312	FOXL2_MOUSE	GS0014073	ENSMUSG00000029255	5	86609779	86626926	Mus musculus	TFe	12943993	ELECTROPHORETIC MOBILITY SHIFT ASSAY (EMSA)::SUPERSHIFT 
TF0000786	ENSMUST00000051312	FOXL2_MOUSE	GS0014341	ENSG00000131808	11	30252563	30256808	Homo sapiens	TFe	19324968	ELECTROPHORETIC MOBILITY SHIFT ASSAY (EMSA)::SUPERSHIFT 
TF0000787	ENST00000330315	FOXL2_HUMAN	GS0014075	ENSG00000147465	8	38001167	38008783	Homo sapiens	TFe	15059956	ELECTROPHORETIC MOBILITY SHIFT ASSAY (EMSA)::GEL SHIFT COMPETITION  
TF0000799	ENST00000397444	ZIC2_HUMAN	GS0014174	ENSG00000130203	19	45408956	45412650	Homo sapiens	TFe	11038359	ELECTROPHORETIC MOBILITY SHIFT ASSAY (EMSA)::UNKNOWN
TF0000799	ENST00000397444	ZIC2_HUMAN	GS0014174	ENSG00000130203	19	45408956	45412650	Homo sapiens	TFe	11038359	ELECTROPHORETIC MOBILITY SHIFT ASSAY (EMSA)::UNKNOWN
TF0000799	ENST00000397444	ZIC2_HUMAN	GS0014174	ENSG00000130203	19	45408956	45412650	Homo sapiens	TFe	11038359	ELECTROPHORETIC MOBILITY SHIFT ASSAY (EMSA)::UNKNOWN
TF0000799	ENST00000397444	ZIC2_HUMAN	GS0014174	ENSG00000130203	19	45408956	45412650	Homo sapiens	TFe	11038359	ELECTROPHORETIC MOBILITY SHIFT ASSAY (EMSA)::UNKNOWN
TF0000799	ENST00000397444	ZIC2_HUMAN	GS0014175	ENSMUSG00000002985	7	20281595	20284515	Mus musculus	TFe	11038359	ELECTROPHORETIC MOBILITY SHIFT ASSAY (EMSA)::UNKNOWN
TF0000799	ENST00000397444	ZIC2_HUMAN	GS0014174	ENSG00000130203	19	45408956	45412650	Homo sapiens	TFe	11038359	ELECTROPHORETIC MOBILITY SHIFT ASSAY (EMSA)::UNKNOWN
TF0000799	ENST00000397444	ZIC2_HUMAN	GS0014174	ENSG00000130203	19	45408956	45412650	Homo sapiens	TFe	11038359	ELECTROPHORETIC MOBILITY SHIFT ASSAY (EMSA)::UNKNOWN
TF0000800	ENSMUST00000113947	ARX_MOUSE	GS0014177	ENSMUSG00000010476	7	144385356	144506128	Mus musculus	TFe	18799476	ELECTROPHORETIC MOBILITY SHIFT ASSAY (EMSA)::UNKNOWN
TF0000800	ENSMUST00000113947	ARX_MOUSE	GS0014178	ENSMUSG00000027833	3	66775649	66785693	Mus musculus	TFe	18799476	ELECTROPHORETIC MOBILITY SHIFT ASSAY (EMSA)::UNKNOWN
TF0000800	ENSMUST00000113947	ARX_MOUSE	GS0014179	ENSMUSG00000036111	7	116282086	116313822	Mus musculus	TFe	18799476	ELECTROPHORETIC MOBILITY SHIFT ASSAY (EMSA)::UNKNOWN
TF0000801	ENST00000371748	LHX3_HUMAN	GS0014249	ENSMUSG00000027120	2	106896297	106899813	Mus musculus	TFe	15271874	PROTEIN BINDING ASSAY::CHROMATIN IMMUNOPRECIPITATION (CHIP)
TF0000802	ENST00000318779	FOXP1_HUMAN	GS0014182	ENSG00000182578	5	149432854	149492935	Homo sapiens	TFe	15286807	ELECTROPHORETIC MOBILITY SHIFT ASSAY (EMSA)::UNKNOWN
TF0000802	ENST00000318779	FOXP1_HUMAN	GS0014182	ENSG00000182578	5	149432854	149492935	Homo sapiens	TFe	15286807	ELECTROPHORETIC MOBILITY SHIFT ASSAY (EMSA)::UNKNOWN
TF0000802	ENST00000318779	FOXP1_HUMAN	GS0014183	ENSG00000109471	4	123372625	123377880	Homo sapiens	TFe	12692134	ELECTROPHORETIC MOBILITY SHIFT ASSAY (EMSA)::SUPERSHIFT 
TF0000803	ENST00000282728	HHEX_HUMAN	GS0014185	ENSG00000133937	14	95234561	95236499	Homo sapiens	TFe	18755198	ELECTROPHORETIC MOBILITY SHIFT ASSAY (EMSA)::UNKNOWN
TF0000803	ENST00000282728	HHEX_HUMAN	GS0014185	ENSG00000133937	14	95234561	95236499	Homo sapiens	TFe	18755198	ELECTROPHORETIC MOBILITY SHIFT ASSAY (EMSA)::UNKNOWN
TF0000803	ENST00000282728	HHEX_HUMAN	GS0014185	ENSG00000133937	14	95234561	95236499	Homo sapiens	TFe	18755198	ELECTROPHORETIC MOBILITY SHIFT ASSAY (EMSA)::UNKNOWN
TF0000803	ENST00000282728	HHEX_HUMAN	GS0014185	ENSG00000133937	14	95234561	95236499	Homo sapiens	TFe	18755198	ELECTROPHORETIC MOBILITY SHIFT ASSAY (EMSA)::UNKNOWN
TF0000803	ENST00000282728	HHEX_HUMAN	GS0014185	ENSG00000133937	14	95234561	95236499	Homo sapiens	TFe	18755198	ELECTROPHORETIC MOBILITY SHIFT ASSAY (EMSA)::UNKNOWN
TF0000804	ENST00000376504	PTF1A_HUMAN	GS0014187	ENSMUSG00000054446	6	30589218	30595363	Mus musculus	TFe	17938243	PROTEIN BINDING ASSAY::CHROMATIN IMMUNOPRECIPITATION (CHIP)
TF0000806	ENSMUST00000021519	SIX6-DACH_MOUSE	GS0014191	ENSMUSG00000003031	6	134870419	134875531	Mus musculus	TFe	12130660	PROTEIN BINDING ASSAY::CHROMATIN IMMUNOPRECIPITATION (CHIP)
TF0000807	ENST00000382537	ARID3B_HUMAN	GS0014193	ENSMUSG00000076722	12	116597351	116597783	Mus musculus	TFe	8543152	ELECTROPHORETIC MOBILITY SHIFT ASSAY (EMSA)::UNKNOWN
TF0000807	ENST00000382537	ARID3B_HUMAN	GS0014193	ENSMUSG00000076722	12	116597351	116597783	Mus musculus	TFe	8543152	ELECTROPHORETIC MOBILITY SHIFT ASSAY (EMSA)::UNKNOWN
TF0000807	ENST00000382537	ARID3B_HUMAN	GS0014193	ENSMUSG00000076722	12	116597351	116597783	Mus musculus	TFe	8543152	ELECTROPHORETIC MOBILITY SHIFT ASSAY (EMSA)::UNKNOWN
TF0000807	ENST00000382537	ARID3B_HUMAN	GS0014194	ENSMUSG00000076652	12	115134625	115135157	Mus musculus	TFe	8543152	ELECTROPHORETIC MOBILITY SHIFT ASSAY (EMSA)::UNKNOWN
TF0000807	ENST00000382537	ARID3B_HUMAN	GS0014194	ENSMUSG00000076652	12	115134625	115135157	Mus musculus	TFe	8543152	ELECTROPHORETIC MOBILITY SHIFT ASSAY (EMSA)::UNKNOWN
TF0000810	ENSMUST00000105502	FOXO3/STAT5_MOUSE	GS0014203	ENSG00000164442	6	139693393	139695757	Homo sapiens	TFe	17353275	PROTEIN BINDING ASSAY::CHROMATIN IMMUNOPRECIPITATION (CHIP)
TF0000810	ENSMUST00000105502	FOXO3/STAT5_MOUSE	GS0014204	ENSMUSG00000039910	10	17443034	17445479	Mus musculus	TFe	17353275	PROTEIN BINDING ASSAY::CHROMATIN IMMUNOPRECIPITATION (CHIP)
TF0000811	ENSMUST00000105502	FOXO3_MOUSE	GS0014205	ENSMUSG00000036478	10	96079635	96085447	Mus musculus	TFe	17353275	
TF0000811	ENSMUST00000105502	FOXO3_MOUSE	GS0014206	ENSMUSG00000002083	7	16894965	16903554	Mus musculus	TFe	16801400	PROTEIN BINDING ASSAY::CHROMATIN IMMUNOPRECIPITATION (CHIP)
TF0000811	ENSMUST00000105502	FOXO3_MOUSE	GS0014207	ENSMUSG00000027381	2	127951774	127988283	Mus musculus	TFe	16801400	PROTEIN BINDING ASSAY::CHROMATIN IMMUNOPRECIPITATION (CHIP)
TF0000811	ENSMUST00000105502	FOXO3_MOUSE	GS0014209	ENSMUSG00000020429	11	7097785	7102549	Mus musculus	TFe	10880363	ELECTROPHORETIC MOBILITY SHIFT ASSAY (EMSA)::DIRECT GEL SHIFT  
TF0000812	ENST00000343882	FOXO3_HUMAN	GS0014210	ENSG00000112096	6	160100096	160183561	Homo sapiens	TFe	12239572	PROTEIN BINDING ASSAY::CHROMATIN IMMUNOPRECIPITATION (CHIP)
TF0000812	ENST00000343882	FOXO3_HUMAN	GS0014211	ENSG00000121858	3	172223298	172241297	Homo sapiens	TFe	12351634	ELECTROPHORETIC MOBILITY SHIFT ASSAY (EMSA)::SUPERSHIFT 
TF0000812	ENST00000343882	FOXO3_HUMAN	GS0014212	ENSMUSG00000078650	11	101228875	101239217	Mus musculus	TFe	16840535	ELECTROPHORETIC MOBILITY SHIFT ASSAY (EMSA)::GEL SHIFT COMPETITION  
TF0000812	ENST00000343882	FOXO3_HUMAN	GS0014213	ENSG00000125968	20	30193086	30194318	Homo sapiens	TFe	17132628	PROTEIN BINDING ASSAY::CHROMATIN IMMUNOPRECIPITATION (CHIP)
TF0000812	ENST00000343882	FOXO3_HUMAN	GS0014213	ENSG00000125968	20	30193086	30194318	Homo sapiens	TFe	17132628	PROTEIN BINDING ASSAY::DNA-PROTEIN PRECIPITATION ASSAY
TF0000812	ENST00000343882	FOXO3_HUMAN	GS0014040	ENSG00000153094	2	111876955	111924587	Homo sapiens	TFe	15688014	PROTEIN BINDING ASSAY::CHROMATIN IMMUNOPRECIPITATION (CHIP)
TF0000812	ENST00000343882	FOXO3_HUMAN	GS0014040	ENSG00000153094	2	111876955	111924587	Homo sapiens	TFe	15688014	15688014
TF0000812	ENST00000343882	FOXO3_HUMAN	GS0014215	ENSG00000091831	6	151977826	152450754	Homo sapiens	TFe	16807346	PROTEIN BINDING ASSAY::CHROMATIN IMMUNOPRECIPITATION (CHIP)
TF0000812	ENST00000343882	FOXO3_HUMAN	GS0014215	ENSG00000091831	6	151977826	152450754	Homo sapiens	TFe	16809346	PROTEIN BINDING ASSAY::CHROMATIN IMMUNOPRECIPITATION (CHIP)
TF0000812	ENST00000343882	FOXO3_HUMAN	GS0014215	ENSG00000091831	6	151977826	152450754	Homo sapiens	TFe	16809346	PROTEIN BINDING ASSAY::CHROMATIN IMMUNOPRECIPITATION (CHIP)
TF0000812	ENST00000343882	FOXO3_HUMAN	GS0014215	ENSG00000091831	6	151977826	152450754	Homo sapiens	TFe	16809346	PROTEIN BINDING ASSAY::DNA-PROTEIN PRECIPITATION ASSAY
TF0000812	ENST00000343882	FOXO3_HUMAN	GS0014215	ENSG00000091831	6	151977826	152450754	Homo sapiens	TFe	16809346	PROTEIN BINDING ASSAY::DNA-PROTEIN PRECIPITATION ASSAY
TF0000812	ENST00000343882	FOXO3_HUMAN	GS0014215	ENSG00000091831	6	151977826	152450754	Homo sapiens	TFe	16809346	PROTEIN BINDING ASSAY::DNA-PROTEIN PRECIPITATION ASSAY
TF0000812	ENST00000343882	FOXO3_HUMAN	GS0014215	ENSG00000091831	6	151977826	152450754	Homo sapiens	TFe	16809346	PROTEIN BINDING ASSAY::DNA-PROTEIN PRECIPITATION ASSAY
TF0000837	ENSMUST00000000253	LHX2_MOUSE	GS0014244	ENSMUSG00000028298	4	34841028	34854619	Mus musculus	TFe	7513049	ELECTROPHORETIC MOBILITY SHIFT ASSAY (EMSA)::GEL SHIFT COMPETITION  
TF0000814	ENSMUST00000055619	HIC1_MOUSE	GS0014043	ENSMUSG00000073043	6	64679140	64681227	Mus musculus	TFe	18347096	PROTEIN BINDING ASSAY::CHROMATIN IMMUNOPRECIPITATION (CHIP)
TF0000815	ENSMUST00000062000	FOXO4_MOUSE	GS0014209	ENSMUSG00000020429	11	7097785	7102549	Mus musculus	TFe	10880363	ELECTROPHORETIC MOBILITY SHIFT ASSAY (EMSA)::DIRECT GEL SHIFT  
TF0000816	ENSMUST00000019708	ARID3A_MOUSE	GS0014218	ENSMUSG00000076618	12	114666725	114666778	Mus musculus	TFe	8543152	ELECTROPHORETIC MOBILITY SHIFT ASSAY (EMSA)::GEL SHIFT COMPETITION  
TF0000816	ENSMUST00000019708	ARID3A_MOUSE	GS0014218	ENSMUSG00000076618	12	114666725	114666778	Mus musculus	TFe	8543152	ELECTROPHORETIC MOBILITY SHIFT ASSAY (EMSA)::GEL SHIFT COMPETITION  
TF0000816	ENSMUST00000019708	ARID3A_MOUSE	GS0014218	ENSMUSG00000076618	12	114666725	114666778	Mus musculus	TFe	8543152	ELECTROPHORETIC MOBILITY SHIFT ASSAY (EMSA)::GEL SHIFT COMPETITION  
TF0000817	ENST00000263620	ARID3A_HUMAN	GS0014218	ENSMUSG00000076618	12	114666725	114666778	Mus musculus	TFe	15203319	ELECTROPHORETIC MOBILITY SHIFT ASSAY (EMSA)::SUPERSHIFT 
TF0000818	ENSMUST00000019708	ARID3A/GTF2I_MOUSE	GS0014218	ENSMUSG00000076618	12	114666725	114666778	Mus musculus	TFe	16738337	PROTEIN BINDING ASSAY::CHROMATIN IMMUNOPRECIPITATION (CHIP)
TF0000818	ENSMUST00000019708	ARID3A/GTF2I_MOUSE	GS0014218	ENSMUSG00000076618	12	114666725	114666778	Mus musculus	TFe	16738337	ELECTROPHORETIC MOBILITY SHIFT ASSAY (EMSA)::SUPERSHIFT 
TF0000831	ENST00000397647	PAX8_HUMAN	GS0014233	ENSG00000184937	11	32409321	32457176	Homo sapiens	TFe	9388203	ELECTROPHORETIC MOBILITY SHIFT ASSAY (EMSA)::GEL SHIFT COMPETITION  
TF0000831	ENST00000397647	PAX8_HUMAN	GS0014234	ENSMUSG00000020673	12	30739524	30817489	Mus musculus	TFe	9388209	ELECTROPHORETIC MOBILITY SHIFT ASSAY (EMSA)::GEL SHIFT COMPETITION  
TF0000832	ENSMUST00000028355	PAX8_MOUSE	GS0014234	ENSMUSG00000020673	12	30739524	30817489	Mus musculus	TFe	1580216	ELECTROPHORETIC MOBILITY SHIFT ASSAY (EMSA)::GEL SHIFT COMPETITION  
TF0000832	ENSMUST00000028355	PAX8_MOUSE	GS0014236	ENSMUSG00000016458	2	104966686	105013773	Mus musculus	TFe	886158	ELECTROPHORETIC MOBILITY SHIFT ASSAY (EMSA)::GEL SHIFT COMPETITION  
TF0000832	ENSMUST00000028355	PAX8_MOUSE	GS0014236	ENSMUSG00000016458	2	104966686	105013773	Mus musculus	TFe	886158	
TF0000832	ENSMUST00000028355	PAX8_MOUSE	GS0014237	ENSMUSG00000053469	15	66502315	66682283	Mus musculus	TFe	1508216	
TF0000833	ENSRNOT00000011453	NKX2-1_RAT	GS0014239	ENSRNOG00000018822	16	19046200	19056280	Rattus norvegicus	TFe	10022892	PROTEIN BINDING ASSAY::DNASE FOOTPRINTING ASSAY 
TF0000833	ENSRNOT00000011453	NKX2-1_RAT	GS0014239	ENSRNOG00000018822	16	19046200	19056280	Rattus norvegicus	TFe	10022892	PROTEIN BINDING ASSAY::DNASE FOOTPRINTING ASSAY 
TF0000834	ENSMUST00000001536	NKX2-1_MOUSE	GS0014237	ENSMUSG00000053469	15	66502315	66682283	Mus musculus	TFe	8861958	ELECTROPHORETIC MOBILITY SHIFT ASSAY (EMSA)::GEL SHIFT COMPETITION  
TF0000834	ENSMUST00000001536	NKX2-1_MOUSE	GS0014234	ENSMUSG00000020673	12	30739524	30817489	Mus musculus	TFe	1508216	ELECTROPHORETIC MOBILITY SHIFT ASSAY (EMSA)::GEL SHIFT COMPETITION  
TF0000835	ENSRNOT00000031058	PAX8_RAT	GS0014239	ENSRNOG00000018822	16	19046200	19056280	Rattus norvegicus	TFe	10022892	ELECTROPHORETIC MOBILITY SHIFT ASSAY (EMSA)::SUPERSHIFT 
TF0000835	ENSRNOT00000031058	PAX8_RAT	GS0014239	ENSRNOG00000018822	16	19046200	19056280	Rattus norvegicus	TFe	10022892	ELECTROPHORETIC MOBILITY SHIFT ASSAY (EMSA)::SUPERSHIFT 
TF0000835	ENSRNOT00000031058	PAX8_RAT	GS0014239	ENSRNOG00000018822	16	19046200	19056280	Rattus norvegicus	TFe	10022892	PROTEIN BINDING ASSAY::DNASE FOOTPRINTING ASSAY 
TF0000835	ENSRNOT00000031058	PAX8_RAT	GS0014239	ENSRNOG00000018822	16	19046200	19056280	Rattus norvegicus	TFe	10022892	
TF0000836	ENSMUST00000028302	LHX3_MOUSE	GS0014244	ENSMUSG00000028298	4	34841028	34854619	Mus musculus	TFe	7708713	ELECTROPHORETIC MOBILITY SHIFT ASSAY (EMSA)::DIRECT GEL SHIFT  
TF0000836	ENSMUST00000028302	LHX3_MOUSE	GS0014245	ENSRNOG00000017374	17	44699107	44709162	Rattus norvegicus	TFe	7708713	ELECTROPHORETIC MOBILITY SHIFT ASSAY (EMSA)::DIRECT GEL SHIFT  
TF0000836	ENSMUST00000028302	LHX3_MOUSE	GS0014246	ENSMUSG00000027857	3	102581321	102586637	Mus musculus	TFe	7708713	ELECTROPHORETIC MOBILITY SHIFT ASSAY (EMSA)::DIRECT GEL SHIFT  
TF0000838	ENSMUST00000000253	LHXS2_MOUSE	GS0014244	ENSMUSG00000028298	4	34841028	34854619	Mus musculus	TFe	7513049	ELECTROPHORETIC MOBILITY SHIFT ASSAY (EMSA)::GEL SHIFT COMPETITION  
TF0000881	ENST00000342628	FOXM1_HUMAN	GS0014215	ENSG00000091831	6	151977826	152450754	Homo sapiens	TFe	16809346	PROTEIN BINDING ASSAY::DNA-PROTEIN PRECIPITATION ASSAY
TF0000881	ENST00000342628	FOXM1_HUMAN	GS0014215	ENSG00000091831	6	151977826	152450754	Homo sapiens	TFe	16809346	PROTEIN BINDING ASSAY::DNA-PROTEIN PRECIPITATION ASSAY
TF0000881	ENST00000342628	FOXM1_HUMAN	GS0014215	ENSG00000091831	6	151977826	152450754	Homo sapiens	TFe	16809346	PROTEIN BINDING ASSAY::DNA-PROTEIN PRECIPITATION ASSAY
TF0000881	ENST00000342628	FOXM1_HUMAN	GS0014215	ENSG00000091831	6	151977826	152450754	Homo sapiens	TFe	16809346	PROTEIN BINDING ASSAY::DNA-PROTEIN PRECIPITATION ASSAY
TF0000881	ENST00000342628	FOXM1_HUMAN	GS0014357	ENSG00000136997	8	128747680	128753674	Homo sapiens	TFe	16965535	ELECTROPHORETIC MOBILITY SHIFT ASSAY (EMSA)::GEL SHIFT COMPETITION  
TF0000881	ENST00000342628	FOXM1_HUMAN	GS0014357	ENSG00000136997	8	128747680	128753674	Homo sapiens	TFe	16965535	ELECTROPHORETIC MOBILITY SHIFT ASSAY (EMSA)::GEL SHIFT COMPETITION  
TF0000881	ENST00000342628	FOXM1_HUMAN	GS0014357	ENSG00000136997	8	128747680	128753674	Homo sapiens	TFe	16965535	PROTEIN BINDING ASSAY::CHROMATIN IMMUNOPRECIPITATION (CHIP)
TF0000884	ENSMUST00000021519	SIX6_MOUSE	GS0014254	ENSMUSG00000002633	5	28783355	28793641	Mus musculus	TFe	18836447	ELECTROPHORETIC MOBILITY SHIFT ASSAY (EMSA)::SUPERSHIFT 
TF0000884	ENSMUST00000021519	SIX6_MOUSE	GS0014252	ENSMUSG00000022997	15	98620288	98624268	Mus musculus	TFe	18836447	ELECTROPHORETIC MOBILITY SHIFT ASSAY (EMSA)::SUPERSHIFT 
TF0000885	ENSMUST00000031148	CLOCK_MOUSE/ARNTL_MOUSE	GS0014328	ENSMUSG00000055866	1	93312561	93355907	Mus musculus	TFe	15699353	PROTEIN BINDING ASSAY::CHROMATIN IMMUNOPRECIPITATION (CHIP)
TF0000885	ENSMUST00000031148	CLOCK_MOUSE/ARNTL_MOUSE	GS0014444	ENSMUSG00000059824	7	52960458	52965525	Mus musculus	TFe	18252768	PROTEIN BINDING ASSAY::CHROMATIN IMMUNOPRECIPITATION (CHIP)
TF0000885	ENSMUST00000031148	CLOCK_MOUSE/ARNTL_MOUSE	GS0014444	ENSMUSG00000059824	7	52960458	52965525	Mus musculus	TFe	18252768	ELECTROPHORETIC MOBILITY SHIFT ASSAY (EMSA)::GEL SHIFT COMPETITION  
TF0000886	ENST00000242261	TWIST1_HUMAN	GS0014330	ENSG00000039068	16	68771128	68869444	Homo sapiens	TFe	18062917	PROTEIN BINDING ASSAY::CHROMATIN IMMUNOPRECIPITATION (CHIP)
TF0000886	ENST00000242261	TWIST1_HUMAN	GS0014345	ENSG00000065978	1	43148098	43168023	Homo sapiens	TFe	18172301	PROTEIN BINDING ASSAY::CHROMATIN IMMUNOPRECIPITATION (CHIP)
TF0000886	ENST00000242261	TWIST1_HUMAN	GS0014345	ENSG00000065978	1	43148098	43168023	Homo sapiens	TFe	18172301	PROTEIN BINDING ASSAY::CHROMATIN IMMUNOPRECIPITATION (CHIP)
TF0000886	ENST00000242261	TWIST1_HUMAN	GS0014345	ENSG00000065978	1	43148098	43168023	Homo sapiens	TFe	18172301	PROTEIN BINDING ASSAY::CHROMATIN IMMUNOPRECIPITATION (CHIP)
TF0000886	ENST00000242261	TWIST1_HUMAN	GS0014434	ENSG00000111087	12	57853918	57866045	Homo sapiens	TFe	11948912	ELECTROPHORETIC MOBILITY SHIFT ASSAY (EMSA)::GEL SHIFT COMPETITION  
TF0000886	ENST00000242261	TWIST1_HUMAN	GS0014434	ENSG00000111087	12	57853918	57866045	Homo sapiens	TFe	11948912	ELECTROPHORETIC MOBILITY SHIFT ASSAY (EMSA)::GEL SHIFT COMPETITION  
TF0000886	ENST00000242261	TWIST1_HUMAN	GS0014434	ENSG00000111087	12	57853918	57866045	Homo sapiens	TFe	11948912	ELECTROPHORETIC MOBILITY SHIFT ASSAY (EMSA)::GEL SHIFT COMPETITION  
TF0000887	FBTR0071953	TWIST_DROSOPHILA	GS0014332	FBGN0004635	-	-	-	Drosophila melanogaster	TFe	11688563	ELECTROPHORETIC MOBILITY SHIFT ASSAY (EMSA)::GEL SHIFT COMPETITION  
TF0000888	ENST00000263734	EPAS1_HUMAN/ ARNT_HUMAN	GS0014334	ENSG00000130427	7	100318423	100321323	Homo sapiens	TFe	9000051	ELECTROPHORETIC MOBILITY SHIFT ASSAY (EMSA)::GEL SHIFT COMPETITION  
TF0000888	ENST00000263734	EPAS1_HUMAN/ ARNT_HUMAN	GS0014335	ENSG00000164362	5	1253262	1295184	Homo sapiens	TFe	17699105	PROTEIN BINDING ASSAY::CHROMATIN IMMUNOPRECIPITATION (CHIP)
TF0000888	ENST00000263734	EPAS1_HUMAN/ ARNT_HUMAN	GS0014336	ENSG00000134107	3	5020801	5027008	Homo sapiens	TFe	17097563	PROTEIN BINDING ASSAY::CHROMATIN IMMUNOPRECIPITATION (CHIP)
TF0000888	ENST00000263734	EPAS1_HUMAN/ ARNT_HUMAN	GS0014337	ENSG00000128271	22	24813847	24838328	Homo sapiens	TFe	19541651	PROTEIN BINDING ASSAY::CHROMATIN IMMUNOPRECIPITATION (CHIP)
TF0000890	ENSMUST00000051312	FOXL2_MOUSE/SMAD3_MOUSE 	GS0014339	ENSRNOG00000011631	2	46542246	46550678	Rattus norvegicus	TFe	19106105	
TF0000891	ENST00000322941	HIC1_HUMAN	GS0014343	ENSG00000096717	10	69644427	69678147	Homo sapiens	TFe	16269335	PROTEIN BINDING ASSAY::CHROMATIN IMMUNOPRECIPITATION (CHIP)
TF0000891	ENST00000322941	HIC1_HUMAN	GS0014344	ENSG00000144476	2	237476430	237491001	Homo sapiens	TFe	19525223	PROTEIN BINDING ASSAY::CHROMATIN IMMUNOPRECIPITATION (CHIP)
TF0000891	ENST00000322941	HIC1_HUMAN	GS0014343	ENSG00000096717	10	69644427	69678147	Homo sapiens	TFe	19525223	PROTEIN BINDING ASSAY::CHROMATIN IMMUNOPRECIPITATION (CHIP)
TF0000891	ENST00000322941	HIC1_HUMAN	GS0014344	ENSG00000144476	2	237476430	237491001	Homo sapiens	TFe	19525223	REPORTER GENE ASSAY::IN-VIVO LUCIFERASE EXPRESSION ASSAY
TF0000891	ENST00000322941	HIC1_HUMAN	GS0014344	ENSG00000144476	2	237476430	237491001	Homo sapiens	TFe	19525223	REPORTER GENE ASSAY::IN-VIVO LUCIFERASE EXPRESSION ASSAY
TF0000891	ENST00000322941	HIC1_HUMAN	GS0014344	ENSG00000144476	2	237476430	237491001	Homo sapiens	TFe	19525223	REPORTER GENE ASSAY::IN-VIVO LUCIFERASE EXPRESSION ASSAY
TF0000892	ENSMUST00000025003	SOX8_MOUSE	GS0014347	ENSMUSG00000037440	10	23614494	23625149	Mus musculus	TFe	15590666	ELECTROPHORETIC MOBILITY SHIFT ASSAY (EMSA)::DIRECT GEL SHIFT  
TF0000892	ENSMUST00000025003	SOX8_MOUSE	GS0014348	ENSMUSG00000035262	10	80267993	80270393	Mus musculus	TFe	12732652	ELECTROPHORETIC MOBILITY SHIFT ASSAY (EMSA)::GEL SHIFT COMPETITION  
TF0000892	ENSMUST00000025003	SOX8_MOUSE	GS0014349	ENSMUSG00000041607	18	82644538	82755029	Mus musculus	TFe	15102707	ELECTROPHORETIC MOBILITY SHIFT ASSAY (EMSA)::SUPERSHIFT 
TF0000892	ENSMUST00000025003	SOX8_MOUSE	GS0014349	ENSMUSG00000041607	18	82644538	82755029	Mus musculus	TFe	15102707	ELECTROPHORETIC MOBILITY SHIFT ASSAY (EMSA)::SUPERSHIFT 
TF0000892	ENSMUST00000025003	SOX8_MOUSE	GS0014349	ENSMUSG00000041607	18	82644538	82755029	Mus musculus	TFe	15102707	ELECTROPHORETIC MOBILITY SHIFT ASSAY (EMSA)::SUPERSHIFT 
TF0000893	ENST00000407236	PPARA	GS0014351	ENSG00000110244	11	116691419	116694022	Homo sapiens	TFe	19433068	ELECTROPHORETIC MOBILITY SHIFT ASSAY (EMSA)::GEL SHIFT COMPETITION  
TF0000893	ENST00000407236	PPARA	GS0014351	ENSG00000110244	11	116691419	116694022	Homo sapiens	TFe	19433068	PROTEIN BINDING ASSAY::CHROMATIN IMMUNOPRECIPITATION (CHIP)
TF0000894	ENSMUST00000109422	PPARA_MOUSE	GS0014353	ENSMUSG00000072949	12	85350448	85358621	Mus musculus	TFe	17485727	PROTEIN BINDING ASSAY::CHROMATIN IMMUNOPRECIPITATION (CHIP)
TF0000895	ENSMUST00000109422	PPARA_MOUSE/RXRA_MOUSE	GS0014353	ENSMUSG00000072949	12	85350448	85358621	Mus musculus	TFe	17485727	ELECTROPHORETIC MOBILITY SHIFT ASSAY (EMSA)::DIRECT GEL SHIFT  
TF0000895	ENSMUST00000109422	PPARA_MOUSE/RXRA_MOUSE	GS0014355	ENSMUSG00000021025	12	56590398	56593634	Mus musculus	TFe	19438714	ELECTROPHORETIC MOBILITY SHIFT ASSAY (EMSA)::GEL SHIFT COMPETITION  
TF0000895	ENSMUST00000109422	PPARA_MOUSE/RXRA_MOUSE	GS0014355	ENSMUSG00000021025	12	56590398	56593634	Mus musculus	TFe	19438714	ELECTROPHORETIC MOBILITY SHIFT ASSAY (EMSA)::GEL SHIFT COMPETITION  
TF0000898	ENST00000282928	ZIC1_HUMAN	GS0014174	ENSG00000130203	19	45408956	45412650	Homo sapiens	TFe	11038359	ELECTROPHORETIC MOBILITY SHIFT ASSAY (EMSA)::DIRECT GEL SHIFT  
TF0000898	ENST00000282928	ZIC1_HUMAN	GS0014174	ENSG00000130203	19	45408956	45412650	Homo sapiens	TFe	11038359	ELECTROPHORETIC MOBILITY SHIFT ASSAY (EMSA)::DIRECT GEL SHIFT  
TF0000898	ENST00000282928	ZIC1_HUMAN	GS0014174	ENSG00000130203	19	45408956	45412650	Homo sapiens	TFe	11038359	ELECTROPHORETIC MOBILITY SHIFT ASSAY (EMSA)::DIRECT GEL SHIFT  
TF0000899	ENSMUST00000108393	HNF4G_MOUSE	GS0014417	ENSMUSG00000032080	9	46048779	46051542	Mus musculus	TFe	12105231	ELECTROPHORETIC MOBILITY SHIFT ASSAY (EMSA)::SUPERSHIFT 
TF0000900	ENST00000396423	HNF4G_HUMAN	GS0014351	ENSG00000110244	11	116691419	116694022	Homo sapiens	TFe	12105231	ELECTROPHORETIC MOBILITY SHIFT ASSAY (EMSA)::SUPERSHIFT 
TF0000900	ENST00000396423	HNF4G_HUMAN	GS0014419	ENSG00000129214	17	7531287	7536701	Homo sapiens	TFe	15574421	PROTEIN BINDING ASSAY::CHROMATIN IMMUNOPRECIPITATION (CHIP)
TF0000900	ENST00000396423	HNF4G_HUMAN	GS0014420	ENSG00000198610	10	5237426	5260912	Homo sapiens	TFe	11284743	ELECTROPHORETIC MOBILITY SHIFT ASSAY (EMSA)::SUPERSHIFT 
TF0000900	ENST00000396423	HNF4G_HUMAN	GS0014420	ENSG00000198610	10	5237426	5260912	Homo sapiens	TFe	11284743	ELECTROPHORETIC MOBILITY SHIFT ASSAY (EMSA)::SUPERSHIFT 
TF0000902	ENSRNOT00000017305	ISL1_RAT	GS0014422	ENSMUSG00000001566	5	29799801	29805010	Mus musculus	TFe	12797958	PROTEIN BINDING ASSAY::CHROMATIN IMMUNOPRECIPITATION (CHIP)
TF0000902	ENSRNOT00000017305	ISL1_RAT	GS0014422	ENSMUSG00000001566	5	29799801	29805010	Mus musculus	TFe	12797958	ELECTROPHORETIC MOBILITY SHIFT ASSAY (EMSA)::GEL SHIFT COMPETITION  
TF0000902	ENSRNOT00000017305	ISL1_RAT	GS0014422	ENSMUSG00000001566	5	29799801	29805010	Mus musculus	TFe	12797958	ELECTROPHORETIC MOBILITY SHIFT ASSAY (EMSA)::GEL SHIFT COMPETITION  
TF0000903	ENSMUST00000108393	TRIM28	GS0014423	ENSG00000163220	1	153330330	153333503	Homo sapiens	TFe	12167632	ELECTROPHORETIC MOBILITY SHIFT ASSAY (EMSA)::GEL SHIFT COMPETITION  
TF0000903	ENSMUST00000108393	TRIM28	GS0014424	ENSMUSG00000001021	3	90404137	90406624	Mus musculus	TFe	17273560	PROTEIN BINDING ASSAY::CHROMATIN IMMUNOPRECIPITATION (CHIP)
TF0000903	ENSMUST00000108393	TRIM28	GS0014425	ENSMUSG00000001020	3	90407692	90409967	Mus musculus	TFe	17273560	ELECTROPHORETIC MOBILITY SHIFT ASSAY (EMSA)::GEL SHIFT COMPETITION  
TF0000905	ENSMUST00000040019	SOX10_MOUSE	GS0014428	ENSMUSG00000030110	6	118101766	118147762	Mus musculus	TFe	12668617	PROTEIN BINDING ASSAY::DNA-PROTEIN PRECIPITATION ASSAY
TF0000905	ENSMUST00000040019	SOX10_MOUSE	GS0014429	ENSMUSG00000022129	14	118412014	118451468	Mus musculus	TFe	14706856	ELECTROPHORETIC MOBILITY SHIFT ASSAY (EMSA)::DIRECT GEL SHIFT  
TF0000905	ENSMUST00000040019	SOX10_MOUSE	GS0014429	ENSMUSG00000022129	14	118412014	118451468	Mus musculus	TFe	14706856	ELECTROPHORETIC MOBILITY SHIFT ASSAY (EMSA)::GEL SHIFT COMPETITION  
TF0000905	ENSMUST00000040019	SOX10_MOUSE	GS0014349	ENSMUSG00000041607	18	82644538	82755029	Mus musculus	TFe	11799060	ELECTROPHORETIC MOBILITY SHIFT ASSAY (EMSA)::GEL SHIFT COMPETITION  
TF0000905	ENSMUST00000040019	SOX10_MOUSE	GS0014432	ENSMUSG00000056569	1	173080842	173091261	Mus musculus	TFe	10931919	ELECTROPHORETIC MOBILITY SHIFT ASSAY (EMSA)::DIRECT GEL SHIFT  
TF0000905	ENSMUST00000040019	SOX10_MOUSE	GS0014432	ENSMUSG00000056569	1	173080842	173091261	Mus musculus	TFe	12490719	
TF0000909	ENSMUST00000049089	TWIST1_MOUSE	GS0014437	ENSMUSG00000035783	19	34315580	34329826	Mus musculus	TFe	12663487	PROTEIN BINDING ASSAY::CHROMATIN IMMUNOPRECIPITATION (CHIP)
TF0000909	ENSMUST00000049089	TWIST1_MOUSE	GS0014438	ENSRNOG00000017786	19	54081498	54084508	Rattus norvegicus	TFe	12663487	PROTEIN BINDING ASSAY::CHROMATIN IMMUNOPRECIPITATION (CHIP)
TF0000909	ENSMUST00000049089	TWIST1_MOUSE	GS0013414	ENSRNOG00000012052	1	258001134	258001684	Rattus norvegicus	TFe	12663487	PROTEIN BINDING ASSAY::CHROMATIN IMMUNOPRECIPITATION (CHIP)
TF0000908	ENSRNOT00000015283	SOX10_RAT	GS0014432	ENSMUSG00000056569	1	173080842	173091261	Mus musculus	TFe	10757804	
TF0000908	ENSRNOT00000015283	SOX10_RAT	GS0014432	ENSMUSG00000056569	1	173080842	173091261	Mus musculus	TFe	10757804	ELECTROPHORETIC MOBILITY SHIFT ASSAY (EMSA)::DIRECT GEL SHIFT  
TF0000912	ENSMUST00000001484	TBX21	GS0014446	ENSMUSG00000045087	9	21047356	21052887	Mus musculus	TFe	19808259	PROTEIN BINDING ASSAY::CHROMATIN IMMUNOPRECIPITATION (CHIP)
TF0000913	ENST00000177694	TBX21_HUMAN	GS0014448	ENSG00000119547	18	55102917	55158530	Homo sapiens	TFe	18418398	PROTEIN BINDING ASSAY::CHROMATIN IMMUNOPRECIPITATION (CHIP)
TF0000914	ENST00000328469	MLL	GS0014451	ENSG00000122592	7	27193335	27197555	Homo sapiens	TFe	18082152	PROTEIN BINDING ASSAY::CHROMATIN IMMUNOPRECIPITATION (CHIP)
TF0000918	ENSMUST00000108920	IRF1_MOUSE	GS0014456	ENSMUSG00000037321	17	34324498	34334170	Mus musculus	TFe	14735146	ELECTROPHORETIC MOBILITY SHIFT ASSAY (EMSA)::GEL SHIFT COMPETITION  
TF0000920	ENSMUST00000085591	PDX1_MOUSE	GS0014460	ENSMUSG00000022938	16	97692657	97726543	Mus musculus	TFe	18708173	ELECTROPHORETIC MOBILITY SHIFT ASSAY (EMSA)::DIRECT GEL SHIFT  
TF0000920	ENSMUST00000085591	PDX1_MOUSE	GS0014460	ENSMUSG00000022938	16	97692657	97726543	Mus musculus	TFe	18708173	ELECTROPHORETIC MOBILITY SHIFT ASSAY (EMSA)::DIRECT GEL SHIFT  
TF0000934	ENSMUST00000034973	SMAD3_MOUSE	GS0014562	ENSRNOG00000014361	17	28303886	28309775	Rattus norvegicus	TFe	18471442	ELECTROPHORETIC MOBILITY SHIFT ASSAY (EMSA)::SUPERSHIFT 
TF0000936	ENST00000256429	MBD2_HUMAN	GS0013606	ENSG00000160182	21	43782391	43786703	Homo sapiens	TFe	20300195	PROTEIN BINDING ASSAY::CHROMATIN IMMUNOPRECIPITATION (CHIP)
TF0000936	ENST00000256429	MBD2_HUMAN	GS0014567	ENSG00000012779	10	45869661	45941561	Homo sapiens	TFe	19781662	PROTEIN BINDING ASSAY::CHROMATIN IMMUNOPRECIPITATION (CHIP)
TF0000936	ENST00000256429	MBD2_HUMAN	GS0014568	ENSG00000178863	19	33793976	33795656	Homo sapiens	TFe	16537832	PROTEIN BINDING ASSAY::CHROMATIN IMMUNOPRECIPITATION (CHIP)
TF0000936	ENST00000256429	MBD2_HUMAN	GS0014568	ENSG00000178863	19	33793976	33795656	Homo sapiens	TFe	16537832	PROTEIN BINDING ASSAY::CHROMATIN IMMUNOPRECIPITATION (CHIP)
TF0000936	ENST00000256429	MBD2_HUMAN	GS0014568	ENSG00000178863	19	33793976	33795656	Homo sapiens	TFe	16537832	PROTEIN BINDING ASSAY::CHROMATIN IMMUNOPRECIPITATION (CHIP)
TF0000936	ENST00000256429	MBD2_HUMAN	GS0014568	ENSG00000178863	19	33793976	33795656	Homo sapiens	TFe	16537832	ELECTROPHORETIC MOBILITY SHIFT ASSAY (EMSA)::DIRECT GEL SHIFT  
TF0000937	ENSMUST00000074058	MBD2_MOUSE	GS0014566	ENSMUSG00000015839	2	75513570	75542698	Mus musculus	TFe	20062804	PROTEIN BINDING ASSAY::CHROMATIN IMMUNOPRECIPITATION (CHIP)
TF0000938	ENST00000321358	YB1_HUMAN	GS0014570	ENSG00000085563	7	87132948	87342611	Homo sapiens	TFe	20079629	ELECTROPHORETIC MOBILITY SHIFT ASSAY (EMSA)::GEL SHIFT COMPETITION  
TF0000938	ENST00000321358	YB1_HUMAN	GS0014017	ENSG00000094804	17	38443885	38459171	Homo sapiens	TFe	20079629	PROTEIN BINDING ASSAY::CHROMATIN IMMUNOPRECIPITATION (CHIP)
TF0000938	ENST00000321358	YB1_HUMAN	GS0014017	ENSG00000094804	17	38443885	38459171	Homo sapiens	TFe	20079629	PROTEIN BINDING ASSAY::CHROMATIN IMMUNOPRECIPITATION (CHIP)
TF0000938	ENST00000321358	YB1_HUMAN	GS0014571	ENSG00000026508	11	35160417	35253949	Homo sapiens	TFe	20332234	PROTEIN BINDING ASSAY::CHROMATIN IMMUNOPRECIPITATION (CHIP)
TF0000938	ENST00000321358	YB1_HUMAN	GS0014571	ENSG00000026508	11	35160417	35253949	Homo sapiens	TFe	20332234	PROTEIN BINDING ASSAY::CHROMATIN IMMUNOPRECIPITATION (CHIP)
TF0000938	ENST00000321358	YB1_HUMAN	GS0014571	ENSG00000026508	11	35160417	35253949	Homo sapiens	TFe	20332234	PROTEIN BINDING ASSAY::CHROMATIN IMMUNOPRECIPITATION (CHIP)
TF0000938	ENST00000321358	YB1_HUMAN	GS0014572	ENSG00000091409	2	173292082	173371181	Homo sapiens	TFe	20332234	PROTEIN BINDING ASSAY::CHROMATIN IMMUNOPRECIPITATION (CHIP)
TF0000938	ENST00000321358	YB1_HUMAN	GS0014572	ENSG00000091409	2	173292082	173371181	Homo sapiens	TFe	20332234	PROTEIN BINDING ASSAY::CHROMATIN IMMUNOPRECIPITATION (CHIP)
TF0000939	ENST00000260643	PREB_HUMAN 	GS0014574	ENSG00000105369	19	42381190	42385439	Homo sapiens	TFe	11994467	ELECTROPHORETIC MOBILITY SHIFT ASSAY (EMSA)::GEL SHIFT COMPETITION  
TF0000939	ENST00000260643	PREB_HUMAN 	GS0014575	ENSG00000169575	22	22599087	22599927	Homo sapiens	TFe	11994467	ELECTROPHORETIC MOBILITY SHIFT ASSAY (EMSA)::SUPERSHIFT 
TF0000939	ENST00000260643	PREB_HUMAN 	GS0014575	ENSG00000169575	22	22599087	22599927	Homo sapiens	TFe	11994467	ELECTROPHORETIC MOBILITY SHIFT ASSAY (EMSA)::SUPERSHIFT 
TF0000939	ENST00000260643	PREB_HUMAN 	GS0014575	ENSG00000169575	22	22599087	22599927	Homo sapiens	TFe	11994467	ELECTROPHORETIC MOBILITY SHIFT ASSAY (EMSA)::SUPERSHIFT 
TF0000939	ENST00000260643	PREB_HUMAN 	GS0014575	ENSG00000169575	22	22599087	22599927	Homo sapiens	TFe	11994467	ELECTROPHORETIC MOBILITY SHIFT ASSAY (EMSA)::GEL SHIFT COMPETITION  
TF0000939	ENST00000260643	PREB_HUMAN 	GS0014575	ENSG00000169575	22	22599087	22599927	Homo sapiens	TFe	11994467	ELECTROPHORETIC MOBILITY SHIFT ASSAY (EMSA)::GEL SHIFT COMPETITION  
TF0000939	ENST00000260643	PREB_HUMAN 	GS0014575	ENSG00000169575	22	22599087	22599927	Homo sapiens	TFe	11994467	ELECTROPHORETIC MOBILITY SHIFT ASSAY (EMSA)::GEL SHIFT COMPETITION  
TF0000940	ENST00000264731	TP63	GS0014577	ENSG00000075413	14	103851701	103970164	Homo sapiens	TFe	17521434	ELECTROPHORETIC MOBILITY SHIFT ASSAY (EMSA)::DIRECT GEL SHIFT  
TF0000940	ENST00000264731	TP63	GS0014578	ENSG00000116717	1	68150744	68154021	Homo sapiens	TFe	18260640	ELECTROPHORETIC MOBILITY SHIFT ASSAY (EMSA)::DIRECT GEL SHIFT  
TF0000940	ENST00000264731	TP63	GS0014579	ENSG00000180233	7	30323923	30407308	Homo sapiens	TFe	17521434	ELECTROPHORETIC MOBILITY SHIFT ASSAY (EMSA)::DIRECT GEL SHIFT  
TF0000940	ENST00000264731	TP63	GS0014580	ENSG00000113580	5	142657496	142815077	Homo sapiens	TFe	17521434	ELECTROPHORETIC MOBILITY SHIFT ASSAY (EMSA)::DIRECT GEL SHIFT  
TF0000940	ENST00000264731	TP63	GS0014580	ENSG00000113580	5	142657496	142815077	Homo sapiens	TFe	17521434	ELECTROPHORETIC MOBILITY SHIFT ASSAY (EMSA)::DIRECT GEL SHIFT  
TF0000940	ENST00000264731	TP63	GS0014581	ENSG00000166888	12	57489195	57505196	Homo sapiens	TFe	17521434	ELECTROPHORETIC MOBILITY SHIFT ASSAY (EMSA)::DIRECT GEL SHIFT  
TF0000940	ENST00000264731	TP63	GS0014582	ENSG00000025156	6	122720691	122754264	Homo sapiens	TFe	17521434	ELECTROPHORETIC MOBILITY SHIFT ASSAY (EMSA)::DIRECT GEL SHIFT  
TF0000940	ENST00000264731	TP63	GS0014583	ENSG00000213347	5	176728462	176739758	Homo sapiens	TFe	17521434	ELECTROPHORETIC MOBILITY SHIFT ASSAY (EMSA)::DIRECT GEL SHIFT  
TF0000940	ENST00000264731	TP63	GS0014583	ENSG00000213347	5	176728462	176739758	Homo sapiens	TFe	17521434	ELECTROPHORETIC MOBILITY SHIFT ASSAY (EMSA)::DIRECT GEL SHIFT  
TF0000940	ENST00000264731	TP63	GS0014584	ENSG00000106546	7	17338246	17385776	Homo sapiens	TFe	17521434	ELECTROPHORETIC MOBILITY SHIFT ASSAY (EMSA)::DIRECT GEL SHIFT  
TF0000940	ENST00000264731	TP63	GS0014585	ENSG00000086062	9	33104080	33167354	Homo sapiens	TFe	17521434	ELECTROPHORETIC MOBILITY SHIFT ASSAY (EMSA)::DIRECT GEL SHIFT  
TF0000940	ENST00000264731	TP63	GS0014586	ENSG00000185728	8	64081112	64125346	Homo sapiens	TFe	17521434	ELECTROPHORETIC MOBILITY SHIFT ASSAY (EMSA)::DIRECT GEL SHIFT  
TF0000941	FBGN0015664	DREF_Drosophila melanogaster	GS0014588	FBGN0000986	-	-	-	Drosophila melanogaster	TFe	1856533	ELECTROPHORETIC MOBILITY SHIFT ASSAY (EMSA)::GEL SHIFT COMPETITION  
TF0000941	FBGN0015664	DREF_Drosophila melanogaster	GS0014589	FBGN0039044	-	-	-	Drosophila melanogaster	TFe	20101238	PROTEIN BINDING ASSAY::CHROMATIN IMMUNOPRECIPITATION (CHIP)
TF0000941	FBGN0015664	DREF_Drosophila melanogaster	GS0014589	FBGN0039044	-	-	-	Drosophila melanogaster	TFe	20101238	PROTEIN BINDING ASSAY::CHROMATIN IMMUNOPRECIPITATION (CHIP)
TF0000941	FBGN0015664	DREF_Drosophila melanogaster	GS0014590	FBGN0000042	-	-	-	Drosophila melanogaster	TFe	20101238	PROTEIN BINDING ASSAY::CHROMATIN IMMUNOPRECIPITATION (CHIP)
TF0000941	FBGN0015664	DREF_Drosophila melanogaster	GS0014591	FBGN0005655	-	-	-	Drosophila melanogaster	TFe	20101238	PROTEIN BINDING ASSAY::CHROMATIN IMMUNOPRECIPITATION (CHIP)
TF0000941	FBGN0015664	DREF_Drosophila melanogaster	GS0014591	FBGN0005655	-	-	-	Drosophila melanogaster	TFe	16629902	PROTEIN BINDING ASSAY::CHROMATIN IMMUNOPRECIPITATION (CHIP)
TF0000993	ENSMUST00000111087	PAX6_MOUSE	GS0014630	ENSMUSG00000057777	3	86349503	86352205	Mus musculus	TFe	19132093	ELECTROPHORETIC MOBILITY SHIFT ASSAY (EMSA)::DIRECT GEL SHIFT  
TF0000993	ENSMUST00000111087	PAX6_MOUSE	GS0014629	ENSMUSG00000041578	7	16451296	16465317	Mus musculus	TFe	19004853	PROTEIN BINDING ASSAY::CHROMATIN IMMUNOPRECIPITATION (CHIP)
TF0000993	ENSMUST00000111087	PAX6_MOUSE	GS0014631	ENSMUSG00000039239	1	188447065	188529871	Mus musculus	TFe	19132093	ELECTROPHORETIC MOBILITY SHIFT ASSAY (EMSA)::DIRECT GEL SHIFT  
TF0000993	ENSMUST00000111087	PAX6_MOUSE	GS0014632	ENSG00000159224	17	47035916	47045958	Homo sapiens	TFe	18593849	ELECTROPHORETIC MOBILITY SHIFT ASSAY (EMSA)::SUPERSHIFT 
TF0000993	ENSMUST00000111087	PAX6_MOUSE	GS0014255	ENSMUSG00000027168	2	105509053	105538567	Mus musculus	TFe	14732405	ELECTROPHORETIC MOBILITY SHIFT ASSAY (EMSA)::SUPERSHIFT 
TF0000993	ENSMUST00000111087	PAX6_MOUSE	GS0014255	ENSMUSG00000027168	2	105509053	105538567	Mus musculus	TFe	12710953	REPORTER GENE ASSAY::DUAL LUCIFERASE REPORTER GENE ASSAY
TF0000994	ENST00000379129	PAX6_HUMAN	GS0013604	ENSMUSG00000000394	2	62312587	62321707	Mus musculus	TFe	19217949	ELECTROPHORETIC MOBILITY SHIFT ASSAY (EMSA)::DIRECT GEL SHIFT  
TF0000994	ENST00000379129	PAX6_HUMAN	GS0014634	ENSG00000087245	16	55512883	55540603	Homo sapiens	TFe	17047041	ELECTROPHORETIC MOBILITY SHIFT ASSAY (EMSA)::GEL SHIFT COMPETITION  
TF0000995	ENST00000320057	IL17RD	GS0014633	ENSG00000007372	11	31806340	31839509	Homo sapiens	TFe	11574690	ELECTROPHORETIC MOBILITY SHIFT ASSAY (EMSA)::GEL SHIFT COMPETITION  
TF0000996	ENSMUST00000041099	NEUROD1	GS0014633	ENSG00000007372	11	31806340	31839509	Homo sapiens	TFe	12962539	ELECTROPHORETIC MOBILITY SHIFT ASSAY (EMSA)::GEL SHIFT COMPETITION  
TF0000996	ENSMUST00000041099	NEUROD1	GS0014633	ENSG00000007372	11	31806340	31839509	Homo sapiens	TFe	12962539	ELECTROPHORETIC MOBILITY SHIFT ASSAY (EMSA)::GEL SHIFT COMPETITION  
TF0000996	ENSMUST00000041099	NEUROD1	GS0014633	ENSG00000007372	11	31806340	31839509	Homo sapiens	TFe	12962539	ELECTROPHORETIC MOBILITY SHIFT ASSAY (EMSA)::GEL SHIFT COMPETITION  
TF0000997	ENSMUST00000005841	CTCF	GS0014255	ENSMUSG00000027168	2	105509053	105538567	Mus musculus	TFe	16723452	ELECTROPHORETIC MOBILITY SHIFT ASSAY (EMSA)::GEL SHIFT COMPETITION  
TF0000997	ENSMUST00000005841	CTCF	GS0014255	ENSMUSG00000027168	2	105509053	105538567	Mus musculus	TFe	15096508	ELECTROPHORETIC MOBILITY SHIFT ASSAY (EMSA)::SUPERSHIFT 
TF0000999	ENSMUST00000068264	MEIS1	GS0014640	ENSMUST00000111087	-	-	-	Mus musculus	TFe	12183364	ELECTROPHORETIC MOBILITY SHIFT ASSAY (EMSA)::SUPERSHIFT 
TF0001099	ENSMUST00000040077	POLR2F	GS0014754	ENSMUSG00000050953	10	56097106	56110225	Mus musculus	TFe	19841066	PROTEIN BINDING ASSAY::CHROMATIN IMMUNOPRECIPITATION (CHIP)
TF0001099	ENSMUST00000040077	POLR2F	GS0014754	ENSMUSG00000050953	10	56097106	56110225	Mus musculus	TFe	19841066	PROTEIN BINDING ASSAY::CHROMATIN IMMUNOPRECIPITATION (CHIP)
TF0001100	ENST00000288319	ERG	GS0014761	ENSG00000121966	2	136871919	136875735	Homo sapiens	TFe	20563261	PROTEIN BINDING ASSAY::CHROMATIN IMMUNOPRECIPITATION (CHIP)
TF0001101	ENST00000245414	IRF1_HUMAN	GS0014761	ENSG00000121966	2	136871919	136875735	Homo sapiens	TFe	21447649	PROTEIN BINDING ASSAY::CHROMATIN IMMUNOPRECIPITATION (CHIP)
TF0001101	ENST00000245414	IRF1_HUMAN	GS0014761	ENSG00000121966	2	136871919	136875735	Homo sapiens	TFe	21447649	PROTEIN BINDING ASSAY::CHROMATIN IMMUNOPRECIPITATION (CHIP)
TF0001102	ENST00000393593	IRF2_HUMAN	GS0014761	ENSG00000121966	2	136871919	136875735	Homo sapiens	TFe	21447649	PROTEIN BINDING ASSAY::CHROMATIN IMMUNOPRECIPITATION (CHIP)
TF0001102	ENST00000393593	IRF2_HUMAN	GS0014761	ENSG00000121966	2	136871919	136875735	Homo sapiens	TFe	21447649	PROTEIN BINDING ASSAY::CHROMATIN IMMUNOPRECIPITATION (CHIP)
TF0001103	ENSMUST00000039174	PRDM1	GS0014765	ENSMUSG00000021239	12	85910790	85936406	Mus musculus	TFe	20463215	PROTEIN BINDING ASSAY::CHROMATIN IMMUNOPRECIPITATION (CHIP)
TF0001103	ENSMUST00000039174	PRDM1	GS0014765	ENSMUSG00000021239	12	85910790	85936406	Mus musculus	TFe	20463215	PROTEIN BINDING ASSAY::CHROMATIN IMMUNOPRECIPITATION (CHIP)
TF0001103	ENSMUST00000039174	PRDM1	GS0014765	ENSMUSG00000021239	12	85910790	85936406	Mus musculus	TFe	20463215	REPORTER GENE ASSAY::DUAL LUCIFERASE REPORTER GENE ASSAY
TF0001104	ENSMUST00000054883	POU3F3	GS0014054	ENSMUSG00000074637	3	34548927	34551383	Mus musculus	TFe	16547000	PROTEIN BINDING ASSAY::CHROMATIN IMMUNOPRECIPITATION (CHIP)
TF0001106	ENSRNOT00000023869	CARTPT_RAT	GS0014769	ENSRNOG00000017712	2	30889817	30891837	Rattus norvegicus	TFe	19046951	ELECTROPHORETIC MOBILITY SHIFT ASSAY (EMSA)::SUPERSHIFT 
TF0001107	ENST00000257915	TFCP2_HUMAN	GS0014633	ENSG00000007372	11	31806340	31839509	Homo sapiens	TFe	11574690	REPORTER GENE ASSAY::TRANSIENT TRANSFECTION LUCIFERASE ASSAY
TF0001109	ENSMUST00000005841	CTCF_MOUSE	GS0014255	ENSMUSG00000027168	2	105509053	105538567	Mus musculus	TFe	21695148	PROTEIN BINDING ASSAY::CHROMATIN IMMUNOPRECIPITATION (CHIP)
